FID,SHAPE,BEZIRK,KREUZUNG,SE_SDO_ROWID,SE_ANNO_CAD_DATA
AMPELOGD.fid-7d8850_14a347986c2_339a,POINT (16.426463304723512 48.16443348504216),11,Simmeringer Hptstr.-Gattergasse,46,
AMPELOGD.fid-7d8850_14a347986c2_339b,POINT (16.377819669716864 48.221062413581464),2,Ob.Augartenstr.-Malzg.,53,
AMPELOGD.fid-7d8850_14a347986c2_339c,POINT (16.35129020352471 48.18959431571205),5,Reinprechtsd.Br.-,62,
AMPELOGD.fid-7d8850_14a347986c2_339d,POINT (16.368103885278053 48.19073182637874),4,Schaumburgerg.-Walterg.,64,
AMPELOGD.fid-7d8850_14a347986c2_339e,POINT (16.39811257337589 48.214592059177654),2,Hauptallee-,69,
AMPELOGD.fid-7d8850_14a347986c2_339f,POINT (16.410757993657207 48.219017084049234),2,Engerthstr.-,70,
AMPELOGD.fid-7d8850_14a347986c2_33a0,POINT (16.38553981684793 48.215302239778566),2,Praterstr.-ON 39,75,
AMPELOGD.fid-7d8850_14a347986c2_33a1,POINT (16.4446519537366 48.19738332381772),2,Hafenzufahrtstrasse-Aspernallee,76,
AMPELOGD.fid-7d8850_14a347986c2_33a2,POINT (16.37174427360544 48.24109517585105),20,Adalbert Stifter Str.-Jägerstr.,84,
AMPELOGD.fid-7d8850_14a347986c2_33a3,POINT (16.311096898369982 48.21274971796925),16,Thaliastr.-Hutteng./Weinheimerg.,85,
AMPELOGD.fid-7d8850_14a347986c2_33a4,POINT (16.370164418087967 48.24581276362492),20,Brigittenauer Lände-Forsthausg.,86,
AMPELOGD.fid-7d8850_14a347986c2_33a5,POINT (16.34845465108848 48.19212030898429),6,Gumpendorfer Str.-Webg./Grabnerg.,171,
AMPELOGD.fid-7d8850_14a347986c2_33a6,POINT (16.495266281879864 48.27768610973805),22,Süßenbrunner Pl.-,179,
AMPELOGD.fid-7d8850_14a347986c2_33a7,POINT (16.354838729344312 48.22805796526484),9,Nußdorfer Str.-Canisiusg.,180,
AMPELOGD.fid-7d8850_14a347986c2_33a8,POINT (16.378882686394654 48.21003894196832),1,Fleischmarkt-Postg.,181,
AMPELOGD.fid-7d8850_14a347986c2_33a9,POINT (16.413006171463955 48.28414495091011),21,Brünner Str.-Hanreiterg.,188,
AMPELOGD.fid-7d8850_14a347986c2_33aa,POINT (16.315320731758177 48.209422004094776),16,Koppstr.-Sulmg.,189,
AMPELOGD.fid-7d8850_14a347986c2_33ab,POINT (16.366871484279276 48.24626124492823),19,Muthg.-A.Raupenstrauch-G.,192,
AMPELOGD.fid-7d8850_14a347986c2_33ac,POINT (16.39253087564037 48.13952175458037),10,Oberlaaer Str.-Grundäckerg.,195,
AMPELOGD.fid-7d8850_14a347986c2_33ad,POINT (16.437409941854714 48.23961705070247),22,Donaustadtstr.-Bernoullistr.,200,
AMPELOGD.fid-7d8850_14a347986c2_33ae,POINT (16.337231469167687 48.21711356622733),17,Hernalser Hptstr.-Palffyg.,201,
AMPELOGD.fid-7d8850_14a347986c2_33af,POINT (16.35408051171625 48.197664410516545),6,Gumpendorfer Str.-Kaunitzg.,211,
AMPELOGD.fid-7d8850_14a347986c2_33b0,POINT (16.381465082649992 48.16635595804244),10,Favoritenstr.-Schleierg.,212,
AMPELOGD.fid-7d8850_14a347986c2_33b1,POINT (16.28866549288462 48.14770406081662),23,Endresstr.-Gatterederstr.,89,
AMPELOGD.fid-7d8850_14a347986c2_33b2,POINT (16.368889583464345 48.20091172327514),1,Wiedner Hauptstr.-Friedrichstr./Karlspl.,93,
AMPELOGD.fid-7d8850_14a347986c2_33b3,POINT (16.386346910441706 48.22474954269934),2,Am Tabor-Trunnerstr.,94,
AMPELOGD.fid-7d8850_14a347986c2_33b4,POINT (16.362604386767885 48.22601705800278),9,Julius Tandler-Pl.-Rotenlöweng./Alserb.St,95,
AMPELOGD.fid-7d8850_14a347986c2_33b5,POINT (16.39718407984042 48.25702116043128),21,Floridsdorfer Hauptstr.-Am Spitz,96,
AMPELOGD.fid-7d8850_14a347986c2_33b6,POINT (16.315212901284706 48.1903282725362),14,Penzinger Str.-Schloßallee/Mariah.St.,99,
AMPELOGD.fid-7d8850_14a347986c2_33b7,POINT (16.409607687206996 48.23483487591145),22,Donau City-L. Bernst. S-Portal,100,
AMPELOGD.fid-7d8850_14a347986c2_33b8,POINT (16.389815010077125 48.173766740554484),10,Absbergg.-Quellenstr.,101,
AMPELOGD.fid-7d8850_14a347986c2_33b9,POINT (16.354452646634897 48.23314068169673),19,Döblinger Gürtel-Glatzg.,102,
AMPELOGD.fid-7d8850_14a347986c2_33ba,POINT (16.21724062843893 48.210106668231404),14,Hauptstr.-Bahnstr,107,
AMPELOGD.fid-7d8850_14a347986c2_33bb,POINT (16.415976372346016 48.186343477924574),3,Modecenterstr.-Guglg.,112,
AMPELOGD.fid-7d8850_14a347986c2_33bc,POINT (16.309576370413314 48.12762253537629),23,Ketzerg.-Porschestr.,113,
AMPELOGD.fid-7d8850_14a347986c2_33bd,POINT (16.298065129560875 48.13489991244977),,Brunner Str.-Ausfahrt  Fa.Duropack,115,
AMPELOGD.fid-7d8850_14a347986c2_33be,POINT (16.362315420796 48.234617590150435),20,Brigittenauer Lände-Leipzigerstr.,126,
AMPELOGD.fid-7d8850_14a347986c2_33bf,POINT (16.338349230556183 48.20012651828833),7,Neubaugürtel-Seideng.,127,
AMPELOGD.fid-7d8850_14a347986c2_33c0,POINT (16.337165577187964 48.1757803006866),12,Eichenstr.-Steinackerg.,129,
AMPELOGD.fid-7d8850_14a347986c2_33c1,POINT (16.47865175503526 48.211049176739145),22,Biberhaufenweg-Plattensteinerg.,131,
AMPELOGD.fid-7d8850_14a347986c2_33c2,POINT (16.32692794504611 48.1867741546203),15,Sechshauser Str.-Braunhirscheng/Heinickeng.,132,
AMPELOGD.fid-7d8850_14a347986c2_33c3,POINT (16.392557386218 48.23351164662454),20,Engerthstr.-Innstr.,135,
AMPELOGD.fid-7d8850_14a347986c2_33c4,POINT (16.39180308498173 48.15693655499478),10,Endlicherg.-Florian Geyer G.,137,
AMPELOGD.fid-7d8850_14a347986c2_33c5,POINT (16.36428155575879 48.217519834921376),9,Hörlg.-Schlickpl./Türkenstr.,140,
AMPELOGD.fid-7d8850_14a347986c2_33c6,POINT (16.29173518998633 48.14171484546569),23,Breitenfurter Str.-Carlbergerg.,149,
AMPELOGD.fid-7d8850_14a347986c2_33c7,POINT (16.280886061333142 48.19170358727692),13,Hietzinger Kai-Guldenbr./Mantlerg.,151,
AMPELOGD.fid-7d8850_14a347986c2_33c8,POINT (16.424520857800914 48.2091692316596),2,Engerthstr.-Marathonweg,154,
AMPELOGD.fid-7d8850_14a347986c2_33c9,POINT (16.382562998292265 48.24510089209749),20,Handelskai-Fr.Engels Platz (Süd),155,
AMPELOGD.fid-7d8850_14a347986c2_33ca,POINT (16.399050143654097 48.20409721923372),2,Schüttelstr.-Halmg.,156,
AMPELOGD.fid-7d8850_14a347986c2_33cb,POINT (16.413491037338172 48.23689911015295),22,Donau City-L. Bernst. N-Portal,157,
AMPELOGD.fid-7d8850_14a347986c2_33cc,POINT (16.3587560779167 48.13960975897698),23,Laxenburger Str.-Heizwerkstr./Tenschert,160,
AMPELOGD.fid-7d8850_14a347986c2_33cd,POINT (16.315964844282792 48.20932876927331),16,Koppstr.-Zagorskig.Pfenniggeldg,164,
AMPELOGD.fid-7d8850_14a347986c2_33ce,POINT (16.311263617411445 48.17090941689675),12,Edelsinnstr.-Schönbrunner Allee,166,
AMPELOGD.fid-7d8850_14a347986c2_33cf,POINT (16.3874484390794 48.20505348075695),3,Landstr. Hptstr.-Beatrixg./Gärtnerg.,167,
AMPELOGD.fid-7d8850_14a347986c2_33d0,POINT (16.384695265867446 48.18383801380077),3,Arsenalstr.-Ghegastr.,170,
AMPELOGD.fid-7d8850_14a347986c2_33d1,POINT (16.418374050710675 48.207609846903395),2,Meiereistraße-Zufahrt Parkplatz Trabrennbahn Krieau,1,
AMPELOGD.fid-7d8850_14a347986c2_33d2,POINT (16.224225919330898 48.20565905416004),14,Wientalstraße-Aufschließungsstraße,6,
AMPELOGD.fid-7d8850_14a347986c2_33d3,POINT (16.434723292798633 48.24470915278604),22,Dr.-Adolf-Schärf-Platz-Prandaugasse,10,
AMPELOGD.fid-7d8850_14a347986c2_33d4,POINT (16.460722497312638 48.227141032778974),22,Erzherzog Karl-Str.-ON 139,26,
AMPELOGD.fid-7d8850_14a347986c2_33d5,POINT (16.45911798086836 48.27765773584086),21,Seyringer Straße-Ernst klein Gasse,29,
AMPELOGD.fid-7d8850_14a347986c2_33d6,POINT (16.457679873935096 48.274637733872666),21,Seyringer Straße-Oswald-Redlich-Straße,30,
AMPELOGD.fid-7d8850_14a347986c2_33d7,POINT (16.29350671338657 48.25201136419328),19,Hameaustr.-An der Zwerchwiese,32,
AMPELOGD.fid-7d8850_14a347986c2_33d8,POINT (16.34124348267415 48.25491967398572),19,Strassergasse-ON 9,33,
AMPELOGD.fid-7d8850_14a347986c2_33d9,POINT (16.301205570228614 48.1857628867833),13,Am Platz-ON 3,40,
AMPELOGD.fid-7d8850_14a347986c2_33da,POINT (16.258559977227446 48.19759930802276),14,Hadikg.-Hütteldorfer Br.,41,
AMPELOGD.fid-7d8850_14a347986c2_33db,POINT (16.26655474153035 48.13394087306467),23,Ketzerg.-Kaiser F.Josef-Str.,341,
AMPELOGD.fid-7d8850_14a347986c2_33dc,POINT (16.30171931499358 48.14729742111752),23,Erlaaer Str.-Josef Österreicher G.,342,
AMPELOGD.fid-7d8850_14a347986c2_33dd,POINT (16.356126349478057 48.22997598534204),9,Liechtensteinstr.-Althanstr./Rufg.,345,
AMPELOGD.fid-7d8850_14a347986c2_33de,POINT (16.379515782823965 48.23695772990749),20,Dresdner Str.-Hellwagstr.,346,
AMPELOGD.fid-7d8850_14a347986c2_33df,POINT (16.37389467408656 48.22351128210684),2,Ob.Augartenstr.-Rembrandtstr.,352,
AMPELOGD.fid-7d8850_14a347986c2_33e0,POINT (16.430872678783146 48.26637073808805),21,Siemensstr.-Richard Neutra G.,353,
AMPELOGD.fid-7d8850_14a347986c2_33e1,POINT (16.348413531698917 48.18033236423666),12,Gaudenzd. Gürtel-Max-Meidlinger-Str.,364,
AMPELOGD.fid-7d8850_14a347986c2_33e2,POINT (16.321861264059905 48.14815110917934),23,Altmannsdorfer Str.-Rossakg.,377,
AMPELOGD.fid-7d8850_14a347986c2_33e3,POINT (16.295781740608245 48.14589926310183),23,Breitenfurter Str.-Meisgeyerg.,378,
AMPELOGD.fid-7d8850_14a347986c2_33e4,POINT (16.481115238233986 48.239714579702),22,Prinzgasse-Pirquetgasse,383,
AMPELOGD.fid-7d8850_14a347986c2_33e5,POINT (16.477774505839754 48.239638299656036),22,Ziegelhofstraße-Oberfeldgasse,384,
AMPELOGD.fid-7d8850_14a347986c2_33e6,POINT (16.468689149862225 48.24302156173819),22,Süßenbrunner Straße-Oberfeldgasse,385,
AMPELOGD.fid-7d8850_14a347986c2_33e7,POINT (16.363799446427187 48.25196420046032),19,Heiligenst. Str.-Halteraug.,388,
AMPELOGD.fid-7d8850_14a347986c2_33e8,POINT (16.341448994084395 48.17668786584635),12,Eichenstr.-Längenfeldg.,395,
AMPELOGD.fid-7d8850_14a347986c2_33e9,POINT (16.397646875936534 48.19403576714122),3,Landstr. Hptstr.-Oberzellerg./Rabeng.,397,
AMPELOGD.fid-7d8850_14a347986c2_33ea,POINT (16.364178421947702 48.21889410518764),9,Porzellang.-Bergg./Jörg Mauthe Pl.,398,
AMPELOGD.fid-7d8850_14a347986c2_33eb,POINT (16.38936458266027 48.22354534890946),2,Nordbahnstr.-Am Tabor,399,
AMPELOGD.fid-7d8850_14a347986c2_33ec,POINT (16.29792077523688 48.14370790658097),23,Brunner Str.-Reklewskyg.,400,
AMPELOGD.fid-7d8850_14a347986c2_33ed,POINT (16.332999389443742 48.20940584625552),16,Thaliastr.-Kirchstetterng.,401,
AMPELOGD.fid-7d8850_14a347986c2_33ee,POINT (16.30660349656501 48.148039642110994),23,Erlaaer Str.-Gregoryg.,406,
AMPELOGD.fid-7d8850_14a347986c2_33ef,POINT (16.351419187813974 48.21186557172638),8,Florianig.-Lange G.,409,
AMPELOGD.fid-7d8850_14a347986c2_33f0,POINT (16.378193969131686 48.231725925447826),20,Wallensteinstr.-Nordwestbahnstr.,412,
AMPELOGD.fid-7d8850_14a347986c2_33f1,POINT (16.351543419143738 48.17049286065019),10,Knöllg.-Windtenstr.,414,
AMPELOGD.fid-7d8850_14a347986c2_33f2,POINT (16.35462487776087 48.238901925025374),19,Döblinger Hptstr.-Gatterburgg.,415,
AMPELOGD.fid-7d8850_14a347986c2_33f3,POINT (16.42715221458296 48.17936901825927),11,1.Haidequerstr.-Lautenschlägerg.,416,
AMPELOGD.fid-7d8850_14a347986c2_33f4,POINT (16.35983999451801 48.19223093193256),5,Margaretenstr.-Ziegelofeng.,419,
AMPELOGD.fid-7d8850_14a347986c2_33f5,POINT (16.324784981297356 48.19860452110636),15,Hütteldorfer Str.-Huglg.,420,
AMPELOGD.fid-7d8850_14a347986c2_33f6,POINT (16.406337550883592 48.28139643522793),21,Jedlersd. Str.-Strebersdf. Str./Bernr.pl.,423,
AMPELOGD.fid-7d8850_14a347986c2_33f7,POINT (16.327455264970055 48.227812856764984),18,Gersthofer Str.-Czartoryskig./Kreuzg.,424,
AMPELOGD.fid-7d8850_14a347986c2_33f8,POINT (16.2997359511927 48.18897544417735),14,Hadikg.-Badhaussteg,425,
AMPELOGD.fid-7d8850_14a347986c2_33f9,POINT (16.470766353903723 48.26033773668363),22,Herm. Gebauer-Str.-Rautenweg,429,
AMPELOGD.fid-7d8850_14a347986c2_33fa,POINT (16.39625839073802 48.18579135144198),3,Landstr. Gürtel-Landstr. Hptstr.,433,
AMPELOGD.fid-7d8850_14a347986c2_33fb,POINT (16.348470240908483 48.213218321025295),8,Laudong.-Ledererg.,435,
AMPELOGD.fid-7d8850_14a347986c2_33fc,POINT (16.306841945464125 48.214466950529335),16,Maroltingerg.-Sandleiteng.,436,
AMPELOGD.fid-7d8850_14a347986c2_33fd,POINT (16.324333132195193 48.180322905793936),12,Tivolig.-Aichholzg.,437,
AMPELOGD.fid-7d8850_14a347986c2_33fe,POINT (16.328679714578897 48.23036078948952),18,Gersthofer Str.-Währinger Str./Thimigg,439,
AMPELOGD.fid-7d8850_14a347986c2_33ff,POINT (16.418162060677876 48.1886253136706),3,Erdbergstr.-Modecenterstr.,445,
AMPELOGD.fid-7d8850_14a347986c2_3400,POINT (16.423649878371247 48.26212660255207),21,Leopoldauer Str.-Heinrich v. Buol-G.,447,
AMPELOGD.fid-7d8850_14a347986c2_3401,POINT (16.325193534981054 48.21060029711714),16,Thaliastr.-Panikeng./Feßtg.,449,
AMPELOGD.fid-7d8850_14a347986c2_3402,POINT (16.299450379108976 48.192623806830966),14,Ameisbrücke-Karlingerg.,450,
AMPELOGD.fid-7d8850_14a347986c2_3403,POINT (16.46345835223233 48.15086036510982),11,Etrichstr.-P. Hayse G. /Wopenkastr.,453,
AMPELOGD.fid-7d8850_14a347986c2_3404,POINT (16.381224715347752 48.19666266166105),3,Rennweg-Salesianerg.,457,
AMPELOGD.fid-7d8850_14a347986c2_3405,POINT (16.40318027904218 48.273842804075024),21,Trillerg.-Jedlersdorfer Str.,459,
AMPELOGD.fid-7d8850_14a347986c2_3406,POINT (16.34348387886998 48.23956076258073),19,Cottageg.-Chimanistr.,462,
AMPELOGD.fid-7d8850_14a347986c2_3407,POINT (16.325331550513592 48.17187463939007),12,Breitenfurter Str.-Zufahrt XXX Lutz,474,
AMPELOGD.fid-7d8850_14a347986c2_3408,POINT (16.34475407768346 48.221331185894066),9,Währinger Gürtel-Notusfahrt AKH,477,
AMPELOGD.fid-7d8850_14a347986c2_3409,POINT (16.31168154503643 48.211326674036656),16,Paltaufg.-Hasnerstr.,490,
AMPELOGD.fid-7d8850_14a347986c2_340a,POINT (16.35710212251433 48.1713283480959),10,Gußriegelstr.-Troststr.,493,
AMPELOGD.fid-7d8850_14a347986c2_340b,POINT (16.38290055376669 48.2420178230045),20,Engerthstr.-Stromstr.,498,
AMPELOGD.fid-7d8850_14a347986c2_340c,POINT (16.30735480861313 48.21653667693018),16,Sandleiteng.-Degeng.,499,
AMPELOGD.fid-7d8850_14a347986c2_340d,POINT (16.39688083525255 48.148427520879046),10,Laaer-Berg-Strasse-Alaudag.,501,
AMPELOGD.fid-7d8850_14a347986c2_340e,POINT (16.410222221074577 48.23512094847225),22,Donau City-L. Bernst. Donau City Str.,504,
AMPELOGD.fid-7d8850_14a347986c2_340f,POINT (16.45334030355093 48.15153366891135),11,Simmeringer Hptstr.-Pantucekg.,506,
AMPELOGD.fid-7d8850_14a347986c2_3410,POINT (16.365638534077792 48.196952633832474),4,Operng.-Schleifmühlg.,510,
AMPELOGD.fid-7d8850_14a347986c2_3411,POINT (16.386101928058093 48.20359043424549),3,Ungarg.-Beatrixg.,517,
AMPELOGD.fid-7d8850_14a347986c2_3412,POINT (16.366735883509534 48.191290587688385),4,Wiedner Hauptstr.-Gr. Neug.,523,
AMPELOGD.fid-7d8850_14a347986c2_3413,POINT (16.384198185880553 48.16181829252896),10,Altes Landgut-Abfahrt A23 Arsenal,525,
AMPELOGD.fid-7d8850_14a347986c2_3414,POINT (16.40239118471728 48.2029372784852),2,Schüttelstr.-Friedensg.,527,
AMPELOGD.fid-7d8850_14a347986c2_3415,POINT (16.381801940670403 48.2824506691034),21,Einzingerg.-Autokaderstr.,529,
AMPELOGD.fid-7d8850_14a347986c2_3416,POINT (16.371707915509646 48.171499034579604),10,Laxenburger Str.-Inzersdorfer Str.,531,
AMPELOGD.fid-7d8850_14a347986c2_3417,POINT (16.39059286217274 48.175957844341376),10,Absbergg.-Gudrunstr.,536,
AMPELOGD.fid-7d8850_14a347986c2_3418,POINT (16.396164288109482 48.201807210744555),3,Erdbergstr.-Wasserg.,540,
AMPELOGD.fid-7d8850_14a347986c2_3419,POINT (16.368537631150488 48.19617393977626),4,Favoritenstr.-Gußhausstr./Paulanerg.,543,
AMPELOGD.fid-7d8850_14a347986c2_341a,POINT (16.485858869048844 48.217529978040695),22,Siegesplatz-ON 7,545,
AMPELOGD.fid-7d8850_14a347986c2_341b,POINT (16.339695901517207 48.19660584647689),7,Neubaugürtel-ON 4,546,
AMPELOGD.fid-7d8850_14a347986c2_341c,POINT (16.38049231986101 48.228233283433525),2,Nordwestbahnstr.-Rauscherstr.,549,
AMPELOGD.fid-7d8850_14a347986c2_341d,POINT (16.410846108080246 48.25414653383161),21,Donaufelder Str.-Plankenbüchlerg.,221,
AMPELOGD.fid-7d8850_14a347986c2_341e,POINT (16.363329754042574 48.2023165638),1,Nibelungeng.-Eschenbachg.,222,
AMPELOGD.fid-7d8850_14a347986c2_341f,POINT (16.437341744655285 48.24373812072571),22,Wagramer Str.-Wintzingerodestr.,226,
AMPELOGD.fid-7d8850_14a347986c2_3420,POINT (16.272983992221093 48.17758575219331),13,Wolkersbergenstr.-Jagdschloßg.,233,
AMPELOGD.fid-7d8850_14a347986c2_3421,POINT (16.33914184365448 48.195754638722164),15,Mariahilfer Gürtel-Mariahilfer Str. 15.Bz,236,
AMPELOGD.fid-7d8850_14a347986c2_3422,POINT (16.361746960270583 48.21635383617811),9,Hörlg.-Wasag.,238,
AMPELOGD.fid-7d8850_14a347986c2_3423,POINT (16.379614922237277 48.173726631909794),10,Laaer-Berg-Strasse-Herndlg.,239,
AMPELOGD.fid-7d8850_14a347986c2_3424,POINT (16.227353148441605 48.2077041639183),14,Hauptstr.-Mauerbachstr.,240,
AMPELOGD.fid-7d8850_14a347986c2_3425,POINT (16.323912835083103 48.20683931263366),16,Herbststr.-Panikeng.,246,
AMPELOGD.fid-7d8850_14a347986c2_3426,POINT (16.42971009813662 48.1859544950527),3,Erdbergstr.-Ausfahrt A 4,247,
AMPELOGD.fid-7d8850_14a347986c2_3427,POINT (16.370717435877292 48.19303413729145),4,Favoritenstr.-Mayerhofg.,248,
AMPELOGD.fid-7d8850_14a347986c2_3428,POINT (16.420598858797213 48.29740013883876),21,Brünner Str.-Johann Weber Str.,250,
AMPELOGD.fid-7d8850_14a347986c2_3429,POINT (16.38145950609027 48.235237041947734),20,Dresdner Str.-Donaueschingenstr.,252,
AMPELOGD.fid-7d8850_14a347986c2_342a,POINT (16.45453035204963 48.265024114923975),21,Julius Ficker-Str.-Seyringer Str.,254,
AMPELOGD.fid-7d8850_14a347986c2_342b,POINT (16.39272484786967 48.235468020956276),20,Handelskai-Brigittenauer Br.,258,
AMPELOGD.fid-7d8850_14a347986c2_342c,POINT (16.341221724191463 48.2164974243152),17,Hernalser Gürtel-Hernalser Hptstr.,259,
AMPELOGD.fid-7d8850_14a347986c2_342d,POINT (16.358020884995046 48.20991639865262),1,Rathauspl.-Lichtenfelsg.,260,
AMPELOGD.fid-7d8850_14a347986c2_342e,POINT (16.341341755396968 48.21517992017444),9,Hernalser Gürtel-Alser Str.,262,
AMPELOGD.fid-7d8850_14a347986c2_342f,POINT (16.429626632301186 48.26395549934811),21,Josef Brazdovics Str.-,265,
AMPELOGD.fid-7d8850_14a347986c2_3430,POINT (16.30216445427262 48.12842738702044),23,Ketzerg.-Liesinger-Flur-G.,267,
AMPELOGD.fid-7d8850_14a347986c2_3431,POINT (16.36059807223804 48.2409837930737),19,Heiligenst. Str.-Rampeng.,268,
AMPELOGD.fid-7d8850_14a347986c2_3432,POINT (16.358501789158257 48.21152158715049),1,Rathauspl.-Felderstr.,271,
AMPELOGD.fid-7d8850_14a347986c2_3433,POINT (16.38649061089314 48.21854591069869),2,Novarag.-Zirkusg.,272,
AMPELOGD.fid-7d8850_14a347986c2_3434,POINT (16.444508737649556 48.22736965295067),22,Donaustadtstr.-Lange Allee,273,
AMPELOGD.fid-7d8850_14a347986c2_3435,POINT (16.388412822839932 48.22791699667318),2,Nordbahnstr.-Taborstr.,274,
AMPELOGD.fid-7d8850_14a347986c2_3436,POINT (16.32654588875929 48.21936875417051),17,Hernalser Hptstr.-Rosensteing.,277,
AMPELOGD.fid-7d8850_14a347986c2_3437,POINT (16.31212578392751 48.21259255620567),16,Thaliastr.-Paltaufg.,279,
AMPELOGD.fid-7d8850_14a347986c2_3438,POINT (16.306391566774174 48.19373817625071),14,Linzer Str.-Missindstr./Diesterweg,281,
AMPELOGD.fid-7d8850_14a347986c2_3439,POINT (16.430107161420132 48.2393296306636),22,Wagramer Str.-Erzherzog Karl-Str.,286,
AMPELOGD.fid-7d8850_14a347986c2_343a,POINT (16.337111496096593 48.180920468275325),12,Niederhofstr./Steinbg.-Aßmayerg.,288,
AMPELOGD.fid-7d8850_14a347986c2_343b,POINT (16.323495930253436 48.20559488150962),16,Gablenzg.-Panikeng.,291,
AMPELOGD.fid-7d8850_14a347986c2_343c,POINT (16.341172711186267 48.240463618869335),19,Krottenbachstr.-Obkircherg.,293,
AMPELOGD.fid-7d8850_14a347986c2_343d,POINT (16.326973835646886 48.18279484097405),12,Ruckerg.-Hufelandg.,296,
AMPELOGD.fid-7d8850_14a347986c2_343e,POINT (16.33080198111477 48.2264106668437),18,Kreuzg.-Paulineng.,304,
AMPELOGD.fid-7d8850_14a347986c2_343f,POINT (16.343952139007285 48.1907852158654),6,Gumpendorfer Str.-Sonnenuhrg.,310,
AMPELOGD.fid-7d8850_14a347986c2_3440,POINT (16.36274461005276 48.16356771805706),10,Neilreichg.-Sahulkastr.,311,
AMPELOGD.fid-7d8850_14a347986c2_3441,POINT (16.305690482260868 48.2108795463987),16,Maroltingerg.-Rankg.,317,
AMPELOGD.fid-7d8850_14a347986c2_3442,POINT (16.321249120899644 48.14801466338853),23,Altmannsdorfer Str.-ON 170,321,
AMPELOGD.fid-7d8850_14a347986c2_3443,POINT (16.398790225313768 48.22238101461857),2,Lassallestr.-Harkortstr.,324,
AMPELOGD.fid-7d8850_14a347986c2_3444,POINT (16.3805900542934 48.291074134541944),21,Prager Str.-Laresg.,331,
AMPELOGD.fid-7d8850_14a347986c2_3445,POINT (16.343226994041597 48.198985890831864),7,Lindeng.-Schottenfeldg.,333,
AMPELOGD.fid-7d8850_14a347986c2_3446,POINT (16.348829400780165 48.240903056486054),19,Krottenbachstr.-Billrothstr./Pyrkerg.,335,
AMPELOGD.fid-7d8850_14a347986c2_3447,POINT (16.39964783066621 48.13795056130408),10,Laaer-Berg-Strasse-Ober Laaer Str./Leopd.St,337,
AMPELOGD.fid-7d8850_14a347986c2_3448,POINT (16.390444875227832 48.21057562208781),3,Löweng.-Untere Viaduktg.,339,
AMPELOGD.fid-7d8850_14a347986c2_3449,POINT (16.352100028135617 48.18774826060003),5,Reinprechtsd. Str.-Margaretenstr.,593,
AMPELOGD.fid-7d8850_14a347986c2_344a,POINT (16.279600015726786 48.16324389929839),13,Speisinger Strasse-Riedelg.,594,
AMPELOGD.fid-7d8850_14a347986c2_344b,POINT (16.28099394182079 48.19219547727911),14,Hadikg.-Guldenbr./Guldeng.,597,
AMPELOGD.fid-7d8850_14a347986c2_344c,POINT (16.32270588981691 48.13787852530888),23,Perfektastr.-ON 10,598,
AMPELOGD.fid-7d8850_14a347986c2_344d,POINT (16.319409189072754 48.20117700015739),15,Johnstr.-Oeverseestr.,600,
AMPELOGD.fid-7d8850_14a347986c2_344e,POINT (16.409683939161887 48.28507709816767),21,Jedlersd. Str.-Hanreiterg.,601,
AMPELOGD.fid-7d8850_14a347986c2_344f,POINT (16.412071615560443 48.236127007645),22,Donau City-L. Bernst. Aus. ACV,606,
AMPELOGD.fid-7d8850_14a347986c2_3450,POINT (16.31554813805201 48.2235221572321),17,Hernalser Hptstr.-Heigerleinstr.,610,
AMPELOGD.fid-7d8850_14a347986c2_3451,POINT (16.264147164541807 48.201150682399444),14,Linzer Str.-Bahnhofstr.,611,
AMPELOGD.fid-7d8850_14a347986c2_3452,POINT (16.336905038170805 48.20264858765303),15,Neubaugürtel-Sorbaitg.,616,
AMPELOGD.fid-7d8850_14a347986c2_3453,POINT (16.310658064461784 48.21148608134487),16,Hutteng.-Hasnerstr.,626,
AMPELOGD.fid-7d8850_14a347986c2_3454,POINT (16.33891638687459 48.176153489354945),12,Eichenstr.-ON 8-26,628,
AMPELOGD.fid-7d8850_14a347986c2_3455,POINT (16.260841970777545 48.20182305682497),14,Linzer Str.-Rosentalg.,631,
AMPELOGD.fid-7d8850_14a347986c2_3456,POINT (16.469231575599537 48.22407978936997),22,Erzherzog Karl-Str.-Zschokkeg.,720,
AMPELOGD.fid-7d8850_14a347986c2_3457,POINT (16.273210604549952 48.18767383875848),13,Hietzinger Hptstr.-Testarellog.,724,
AMPELOGD.fid-7d8850_14a347986c2_3458,POINT (16.408078993047976 48.223337298689444),2,Handelskai-Wachaustr.,726,
AMPELOGD.fid-7d8850_14a347986c2_3459,POINT (16.464402079983195 48.26184381485917),22,Rautenweg-Percostr./Obdachg.,731,
AMPELOGD.fid-7d8850_14a347986c2_345a,POINT (16.348953468267265 48.20424640543215),7,Burgg.-Neubaug.,732,
AMPELOGD.fid-7d8850_14a347986c2_345b,POINT (16.338571759755222 48.181509501423264),12,Längenfeldg.-Steinbauerg.,733,
AMPELOGD.fid-7d8850_14a347986c2_345c,POINT (16.387202309491446 48.240649574331954),20,Handelskai-Milleniumstower,734,
AMPELOGD.fid-7d8850_14a347986c2_345d,POINT (16.38605660373767 48.24173941559425),20,Handelskai-Durchlaufstr.,736,
AMPELOGD.fid-7d8850_14a347986c2_345e,POINT (16.267545691401946 48.18792097346235),13,Hietzinger Hptstr.-Glasauerg.,737,
AMPELOGD.fid-7d8850_14a347986c2_345f,POINT (16.334422096415256 48.1752142607076),12,Eichenstr.-Hoffmeisterg.,741,
AMPELOGD.fid-7d8850_14a347986c2_3460,POINT (16.40423149282567 48.19290495078856),3,Schlachthausg.-,743,
AMPELOGD.fid-7d8850_14a347986c2_3461,POINT (16.318933410646274 48.2115612653583),16,Thaliastr.-Wattg.,744,
AMPELOGD.fid-7d8850_14a347986c2_3462,POINT (16.473830117950193 48.158915178075304),11,Kaiser-Ebersd. Str.-Münnichplatz,745,
AMPELOGD.fid-7d8850_14a347986c2_3463,POINT (16.342130815716928 48.21849494107936),18,Währinger Gürtel-Leo Slezak G.,746,
AMPELOGD.fid-7d8850_14a347986c2_3464,POINT (16.332559974480322 48.14583605295106),23,Triester Str.-Rossakg.,747,
AMPELOGD.fid-7d8850_14a347986c2_3465,POINT (16.385041325799794 48.21689800079206),2,Rotensterng.-Zirkusg.,748,
AMPELOGD.fid-7d8850_14a347986c2_3466,POINT (16.281203101948922 48.16836183143047),13,Wolkersbergenstr.-Jakob-Stainer-G.,750,
AMPELOGD.fid-7d8850_14a347986c2_3467,POINT (16.48112002472522 48.21726378693717),22,Langobardenstr.-Gleisquerung,751,
AMPELOGD.fid-7d8850_14a347986c2_3468,POINT (16.435099274238343 48.20392855210749),2,Handelskai-Praterbr.Unb.Gasse 4 Ri .Nord,752,
AMPELOGD.fid-7d8850_14a347986c2_3469,POINT (16.418811589804676 48.229600043799415),,Schüttaustr.-Goethehof,754,
AMPELOGD.fid-7d8850_14a347986c2_346a,POINT (16.461211860414902 48.237806130608156),22,Hirschstettner Str.-Franz Fellner Gasse,755,
AMPELOGD.fid-7d8850_14a347986c2_346b,POINT (16.382462530639913 48.1475770530131),10,Favoritenstr.-ON 260,756,
AMPELOGD.fid-7d8850_14a347986c2_346c,POINT (16.365463020018435 48.25478654312141),19,Heiligenst. Str.-Grinzinger Str.,758,
AMPELOGD.fid-7d8850_14a347986c2_346d,POINT (16.469468241524606 48.167216596824),11,Landwehrstr.-Margetinstr.,762,
AMPELOGD.fid-7d8850_14a347986c2_346e,POINT (16.321401606647438 48.24328439263935),19,Krottenbachstr.-Felix-Dahn-Str.,773,
AMPELOGD.fid-7d8850_14a347986c2_346f,POINT (16.359306312711038 48.22170105919722),9,Liechtensteinstr.-Fürsteng.,775,
AMPELOGD.fid-7d8850_14a347986c2_3470,POINT (16.38678651197493 48.23050946006128),20,Dresdner Str.-Innstr.,776,
AMPELOGD.fid-7d8850_14a347986c2_3471,POINT (16.347590628909046 48.181407236689196),12,Gaudenzd. Gürtel-Flurschützstr.,777,
AMPELOGD.fid-7d8850_14a347986c2_3472,POINT (16.375066727141196 48.170842516707374),10,Inzersdorfer Str.-Leibnizg.,778,
AMPELOGD.fid-7d8850_14a347986c2_3473,POINT (16.309933301077592 48.14903546255121),23,A.Baumgartner-Str.-Erlaaer Platz/Block C,783,
AMPELOGD.fid-7d8850_14a347986c2_3474,POINT (16.389017549334337 48.23899293780487),20,Handelskai-Donaueschingenstr.,785,
AMPELOGD.fid-7d8850_14a347986c2_3475,POINT (16.365894254090946 48.23355250514799),20,Klosterneuburger Str.-Pappenheimg.,786,
AMPELOGD.fid-7d8850_14a347986c2_3476,POINT (16.32616893838354 48.17326708275985),12,Edelsinnstr.-Ruckerg,787,
AMPELOGD.fid-7d8850_14a347986c2_3477,POINT (16.3698305766664 48.22605854050599),20,Gaußpl.-Obere Donaustr.,788,
AMPELOGD.fid-7d8850_14a347986c2_3478,POINT (16.43816768224809 48.25960123630913),21,Eipeldauerstr.-Zehdeng.,791,
AMPELOGD.fid-7d8850_14a347986c2_3479,POINT (16.368046992116863 48.226079253792584),20,Brigittenauer Lände-Württembergg,793,
AMPELOGD.fid-7d8850_14a347986c2_347a,POINT (16.325912364470437 48.1741464185682),12,Ruckerg.-Hohenbergstr.,795,
AMPELOGD.fid-7d8850_14a347986c2_347b,POINT (16.330297425592153 48.20454492952354),16,Gablenzg.-Fröbelg./MarkgrafR.Str,798,
AMPELOGD.fid-7d8850_14a347986c2_347c,POINT (16.444054177663233 48.21839608084795),22,Donaustadtstr.-Neuhaufeng.,801,
AMPELOGD.fid-7d8850_14a347986c2_347d,POINT (16.301995876644032 48.154408390024),23,Breitenfurter Str.-ON 239,803,
AMPELOGD.fid-7d8850_14a347986c2_347e,POINT (16.33771211315024 48.17872836340216),12,Flurschützstr.-Wilhelmstr/Aßmayerg.,804,
AMPELOGD.fid-7d8850_14a347986c2_347f,POINT (16.36279462120506 48.21682771685822),9,Liechtensteinstr.-Hörlg.,811,
AMPELOGD.fid-7d8850_14a347986c2_3480,POINT (16.27987829506278 48.15830332272655),23,Rosenhügelstr.-Karl Schwed-G.,812,
AMPELOGD.fid-7d8850_14a347986c2_3481,POINT (16.33677732922064 48.22831229534216),18,Aumannplatz-,814,
AMPELOGD.fid-7d8850_14a347986c2_3482,POINT (16.31725756206872 48.151150311732586),23,A.Baumgartner-Str.-Wohnparkstr.,817,
AMPELOGD.fid-7d8850_14a347986c2_3483,POINT (16.38098463908108 48.19900485312651),3,Neulingg.-Salesianerg.,820,
AMPELOGD.fid-7d8850_14a347986c2_3484,POINT (16.415422738760466 48.17522392384122),11,Simmeringer Hptstr.-Gottschalkg.,822,
AMPELOGD.fid-7d8850_14a347986c2_3485,POINT (16.341641924166144 48.21729329960989),18,Währinger Gürtel-Jörgerstr.,825,
AMPELOGD.fid-7d8850_14a347986c2_3486,POINT (16.36261961983913 48.24894342344573),19,Heiligenst. Str.-12.Februar Pl.,829,
AMPELOGD.fid-7d8850_14a347986c2_3487,POINT (16.397562562255604 48.14548635761411),10,Laaer-Berg-Strasse-Fr. Koci-Str.,834,
AMPELOGD.fid-7d8850_14a347986c2_3488,POINT (16.35713788420726 48.23655203621314),19,Heiligenst. Str.-Radlmayerg.,835,
AMPELOGD.fid-7d8850_14a347986c2_3489,POINT (16.32775701080816 48.20625284926884),16,Herbststr.-Habicherg.,836,
AMPELOGD.fid-7d8850_14a347986c2_348a,POINT (16.33010654611881 48.171777534888385),12,Wienerbergstr.-Wittmayerg./Darnautg.,837,
AMPELOGD.fid-7d8850_14a347986c2_348b,POINT (16.31805312048873 48.20900931782919),16,Koppstr.-Possingerg.,838,
AMPELOGD.fid-7d8850_14a347986c2_348c,POINT (16.31022518472723 48.21019771287421),16,Hutteng.-Rankg.,839,
AMPELOGD.fid-7d8850_14a347986c2_348d,POINT (16.313799682829263 48.14086687366669),23,Carlbergerg.-Canevalestr. / Ziviltechniker,842,
AMPELOGD.fid-7d8850_14a347986c2_348e,POINT (16.385332117679333 48.17705631444446),10,Gudrunstr.-Steudelg.,843,
AMPELOGD.fid-7d8850_14a347986c2_348f,POINT (16.25784335864868 48.13630701345538),23,Willerg.-Ambrosweg,844,
AMPELOGD.fid-7d8850_14a347986c2_3490,POINT (16.344831500327537 48.18770947534351),5,Schönbrunner Str.-St. Johann-G.,634,
AMPELOGD.fid-7d8850_14a347986c2_3491,POINT (16.34955186092646 48.24514215193748),19,Ruthg.-Silberg.,639,
AMPELOGD.fid-7d8850_14a347986c2_3492,POINT (16.366162555315462 48.24506175079164),19,Muthg.-Gunoldstr.,644,
AMPELOGD.fid-7d8850_14a347986c2_3493,POINT (16.283349136631216 48.147518175323754),23,Endresstr.-Rudolf Zeller-G.,647,
AMPELOGD.fid-7d8850_14a347986c2_3494,POINT (16.41690494315354 48.231009870479525),22,Schüttaustr.-Rampe 300/A.Kaiserm.D.,653,
AMPELOGD.fid-7d8850_14a347986c2_3495,POINT (16.39457939143669 48.12425807908542),10,Himberger Str.-Leopoldsd.Str.,655,
AMPELOGD.fid-7d8850_14a347986c2_3496,POINT (16.36287436488904 48.20178040722302),6,Gumpendorfer Str.-Getreidemarkt,656,
AMPELOGD.fid-7d8850_14a347986c2_3497,POINT (16.400289491814814 48.26208599841623),21,Brünner Str.-Peitlg.,661,
AMPELOGD.fid-7d8850_14a347986c2_3498,POINT (16.375925250144714 48.173207442664264),10,Davidg.-Leibnizg.,663,
AMPELOGD.fid-7d8850_14a347986c2_3499,POINT (16.333452844760828 48.192808928553646),15,Mariahilfer Str.-Sperrg./Talg.,664,
AMPELOGD.fid-7d8850_14a347986c2_349a,POINT (16.258038897529353 48.19734932429498),13,Wientalstr.-Rußpekg.,666,
AMPELOGD.fid-7d8850_14a347986c2_349b,POINT (16.452910874754675 48.225702813588704),22,Langobardenstr.-Stadlauer Strasse,667,
AMPELOGD.fid-7d8850_14a347986c2_349c,POINT (16.351760042288394 48.21900502003194),9,Lazarettg.-Spitalg./Senseng.,670,
AMPELOGD.fid-7d8850_14a347986c2_349d,POINT (16.3738475910037 48.19373578956613),4,Argentinierstr.-Plößlg.,674,
AMPELOGD.fid-7d8850_14a347986c2_349e,POINT (16.385506946408192 48.19483914740357),3,Rennweg-Jacquing.,675,
AMPELOGD.fid-7d8850_14a347986c2_349f,POINT (16.378622584641956 48.188745680316224),4,Weyringerg.-Mommseng.,678,
AMPELOGD.fid-7d8850_14a347986c2_34a0,POINT (16.4396346659197 48.26603277327037),21,Julius Ficker-Str.-Großfeldstr.,679,
AMPELOGD.fid-7d8850_14a347986c2_34a1,POINT (16.31446498984138 48.223883393795106),17,Hernalser Hptstr.-J.Meinl G./Beringg.,686,
AMPELOGD.fid-7d8850_14a347986c2_34a2,POINT (16.36834457015945 48.228643836262684),20,Wallensteinstr.-Klosterneub. Str.,687,
AMPELOGD.fid-7d8850_14a347986c2_34a3,POINT (16.377521835916617 48.229666740356045),20,Rauscherstr.-Wasnerg.,692,
AMPELOGD.fid-7d8850_14a347986c2_34a4,POINT (16.35484621638833 48.2330664246455),19,Döblinger Gürtel-Glatzg.,694,
AMPELOGD.fid-7d8850_14a347986c2_34a5,POINT (16.389959973143775 48.220845415986105),2,Nordbahnstr.-Mühlfeldg.,700,
AMPELOGD.fid-7d8850_14a347986c2_34a6,POINT (16.31890558480636 48.213497041132875),16,Wattg.-Ottakringer Str.,704,
AMPELOGD.fid-7d8850_14a347986c2_34a7,POINT (16.40194943995049 48.187085500842926),3,Rennweg-Grasbergerg.,709,
AMPELOGD.fid-7d8850_14a347986c2_34a8,POINT (16.27100351421023 48.15459342012483),23,Speisinger Strasse-F.Asenbauer-G.,710,
AMPELOGD.fid-7d8850_14a347986c2_34a9,POINT (16.3048642167198 48.20842472803911),16,Maroltingerg.-Joachimsthalerpl.,712,
AMPELOGD.fid-7d8850_14a347986c2_34aa,POINT (16.307580440462246 48.21781259308568),16,Sandleiteng.-Wilhelminenstr.,718,
AMPELOGD.fid-7d8850_14a347986c2_34ab,POINT (16.394655254282668 48.20565986068433),3,Löweng.-Rasumofskyg./Marxerg.,562,
AMPELOGD.fid-7d8850_14a347986c2_34ac,POINT (16.469271401022382 48.19907197463276),22,Biberhaufenweg-Naufahrtweg,565,
AMPELOGD.fid-7d8850_14a347986c2_34ad,POINT (16.33775950261626 48.23709741221408),19,Peter Jordan-Str.-Gregor Mendel-Str.,566,
AMPELOGD.fid-7d8850_14a347986c2_34ae,POINT (16.366255489770758 48.19845046965555),4,Operng.-Schaurhoferg./Faulmg.,570,
AMPELOGD.fid-7d8850_14a347986c2_34af,POINT (16.356317900804076 48.17544577037599),10,Knöllg.-Davidg.,574,
AMPELOGD.fid-7d8850_14a347986c2_34b0,POINT (16.36505118256023 48.17252442652647),10,Neilreichg.-Inzersdorfer Str.,575,
AMPELOGD.fid-7d8850_14a347986c2_34b1,POINT (16.363133194008864 48.250250632330186),19,Heiligenst. Str.-Mooslackeng.,576,
AMPELOGD.fid-7d8850_14a347986c2_34b2,POINT (16.34578798409718 48.178426690161054),12,Eichenstr.-Wolfgangg.,577,
AMPELOGD.fid-7d8850_14a347986c2_34b3,POINT (16.41289566247091 48.259568957775684),21,Katsushikastr.-Leopoldauer Str.,581,
AMPELOGD.fid-7d8850_14a347986c2_34b4,POINT (16.309010061589184 48.167271773300044),12,Hetzendorfer Str.-Schönbrunner Allee,588,
AMPELOGD.fid-7d8850_14a347986c2_34b5,POINT (16.360893792604678 48.15961335110832),10,Neilreichg.-Sibeliusstr.,589,
AMPELOGD.fid-7d8850_14a347986c2_34b6,POINT (16.34074671502736 48.14882123720056),23,Sterngasse-Auffahrt A2,590,
AMPELOGD.fid-7d8850_14a347986c2_34b7,POINT (16.37711296114219 48.194542348877725),3,Prinz Eugen-Str.-Plößlg.,591,
AMPELOGD.fid-7d8850_14a347986c2_34b8,POINT (16.5226805141067 48.21463133937012),22,Eßlinger Hauptstr.-ON 76,973,
AMPELOGD.fid-7d8850_14a347986c2_34b9,POINT (16.342422269005713 48.217194334224125),9,Währinger Gürtel-Lazarettg.,974,
AMPELOGD.fid-7d8850_14a347986c2_34ba,POINT (16.42823388612448 48.26706885865324),21,Siemensstr.-Heinrich v. Buol-G.,975,
AMPELOGD.fid-7d8850_14a347986c2_34bb,POINT (16.435752261683653 48.26301506632988),21,Leopoldauer Platz-Siemensstr.,976,
AMPELOGD.fid-7d8850_14a347986c2_34bc,POINT (16.324153366529483 48.161633324987434),12,Am Schöpfwerk-An d.Eisteichen,977,
AMPELOGD.fid-7d8850_14a347986c2_34bd,POINT (16.36688138737229 48.192146611753),4,Wiedner Hauptstr.-Mayerhofg.,986,
AMPELOGD.fid-7d8850_14a347986c2_34be,POINT (16.34050020263969 48.21515630379296),17,Hernalser Gürtel-Ottakringer Str.,988,
AMPELOGD.fid-7d8850_14a347986c2_34bf,POINT (16.413766697416968 48.187548104725124),3,Franzosengraben-Baumg.,991,
AMPELOGD.fid-7d8850_14a347986c2_34c0,POINT (16.337662472606986 48.1951887270745),15,Mariahilfer Str.-Gerstnerstr./Palmg.,992,
AMPELOGD.fid-7d8850_14a347986c2_34c1,POINT (16.34375378747026 48.21523545157766),8,Alser Str.-Hebrag.,999,
AMPELOGD.fid-7d8850_14a347986c2_34c2,POINT (16.351733918486428 48.202204606818256),7,Siebensterng.-Kircheng.,1004,
AMPELOGD.fid-7d8850_14a347986c2_34c3,POINT (16.34862426372988 48.21193614801387),8,Florianig.-Ledererg.,1005,
AMPELOGD.fid-7d8850_14a347986c2_34c4,POINT (16.318413927825585 48.19620757354639),15,Johnstr.-Märzstr.,1006,
AMPELOGD.fid-7d8850_14a347986c2_34c5,POINT (16.339766523534127 48.24053049184659),19,Krottenbachstr.-Friedlg.,1008,
AMPELOGD.fid-7d8850_14a347986c2_34c6,POINT (16.352495696629955 48.17988072406012),5,Margaretengürtel-ON 43,1009,
AMPELOGD.fid-7d8850_14a347986c2_34c7,POINT (16.303778442571094 48.17034239705743),12,Elisabethallee-Graf Seilern-G.,1011,
AMPELOGD.fid-7d8850_14a347986c2_34c8,POINT (16.338897604756905 48.208499159542995),7,Lerchenf. Gürtel-Lerchenf. Str.,1014,
AMPELOGD.fid-7d8850_14a347986c2_34c9,POINT (16.355866682609488 48.220505074021396),9,Währinger Str.-Senseng./Boltzmanng.,1017,
AMPELOGD.fid-7d8850_14a347986c2_34ca,POINT (16.39867482507414 48.1928621386997),3,Landstr. Hptstr.-Petrusg.,1020,
AMPELOGD.fid-7d8850_14a347986c2_34cb,POINT (16.280806889854116 48.13194395692684),,Ketzerg.-Perchtoldsd. Str.,1023,
AMPELOGD.fid-7d8850_14a347986c2_34cc,POINT (16.33943905342974 48.197296252896706),7,Neubaugürtel-Sofienspital,1032,
AMPELOGD.fid-7d8850_14a347986c2_34cd,POINT (16.387397905978172 48.199048302753916),3,Ungarg.-Neulingg.,1033,
AMPELOGD.fid-7d8850_14a347986c2_34ce,POINT (16.32296561459589 48.14366474356281),23,Altmannsdorfer Str.-Goldhammerg.,1035,
AMPELOGD.fid-7d8850_14a347986c2_34cf,POINT (16.37658269000592 48.188521047813055),4,Argentinierstr.-Weyringerg.,1038,
AMPELOGD.fid-7d8850_14a347986c2_34d0,POINT (16.39419631575704 48.234389279110935),20,Handelskai-Innstr.,1039,
AMPELOGD.fid-7d8850_14a347986c2_34d1,POINT (16.40377669435177 48.17480419653158),11,Geiselbergstr.-Kremenetzkyg.,1040,
AMPELOGD.fid-7d8850_14a347986c2_34d2,POINT (16.320486773065383 48.21926188438081),17,Wattg.-Marieng./Albrechtskrg.,1046,
AMPELOGD.fid-7d8850_14a347986c2_34d3,POINT (16.374183534418112 48.22375094412354),2,Ob.Augartenstr.-Rembrandtstr.,1047,
AMPELOGD.fid-7d8850_14a347986c2_34d4,POINT (16.46141937860358 48.14845259032237),11,Simmeringer Hptstr.-Etrichstr.,1048,
AMPELOGD.fid-7d8850_14a347986c2_34d5,POINT (16.403697906749237 48.26796048744412),21,Brünner Str.-ON 59,1049,
AMPELOGD.fid-7d8850_14a347986c2_34d6,POINT (16.302422309677358 48.168846100072805),12,Hetzendorfer Str.-Rosenhügelstr.,1053,
AMPELOGD.fid-7d8850_14a347986c2_34d7,POINT (16.32304760471959 48.19037268310552),15,Mariahilfer Str.-Anschützg.,1055,
AMPELOGD.fid-7d8850_14a347986c2_34d8,POINT (16.341114470553933 48.198701638546176),7,Kaiserstr.-Stollg.,1057,
AMPELOGD.fid-7d8850_14a347986c2_34d9,POINT (16.461170963814247 48.2627727203643),22,Rautenweg-Tillmanng,1058,
AMPELOGD.fid-7d8850_14a347986c2_34da,POINT (16.434370419804214 48.25082107062302),22,Donaufelder Str.-Attemsg.,1059,
AMPELOGD.fid-7d8850_14a347986c2_34db,POINT (16.355373063114236 48.131761698532095),23,Laxenburger Str.-Vorarlberger Allee,1061,
AMPELOGD.fid-7d8850_14a347986c2_34dc,POINT (16.331739135495955 48.20564602790915),16,Kirchstetterng.-Herbststr.,1064,
AMPELOGD.fid-7d8850_14a347986c2_34dd,POINT (16.355676048826002 48.244599434282044),19,Barawitzkag.-Hohe Warte,1065,
AMPELOGD.fid-7d8850_14a347986c2_34de,POINT (16.38235423312326 48.160234529111825),10,Altes Landgut-Abfahrt A23 Inzersdorf,1068,
AMPELOGD.fid-7d8850_14a347986c2_34df,POINT (16.374392733592465 48.163966870962525),10,Grenzackerstr.-Daumeg.,1073,
AMPELOGD.fid-7d8850_14a347986c2_34e0,POINT (16.4426795053237 48.15438475537575),11,Simmeringer Hptstr.-2.Tor,1074,
AMPELOGD.fid-7d8850_14a347986c2_34e1,POINT (16.387115421111158 48.19715985801208),3,Ungarg.-Barichg.,1077,
AMPELOGD.fid-7d8850_14a347986c2_34e2,POINT (16.291917751460765 48.15289805088159),23,Atzgersdorfer Str.-Endemanng.,1078,
AMPELOGD.fid-7d8850_14a347986c2_34e3,POINT (16.307258738790214 48.2203587464171),16,Sandleiteng.-Lobmeyrg./Nietzschepl.,1088,
AMPELOGD.fid-7d8850_14a347986c2_34e4,POINT (16.398123615583994 48.258410270856494),21,Brünner Str.-Schloßhofer Str.,1089,
AMPELOGD.fid-7d8850_14a347986c2_34e5,POINT (16.31948775064814 48.21620128177691),16,Wattg.-Wilhelminenstr.,1091,
AMPELOGD.fid-7d8850_14a347986c2_34e6,POINT (16.342889641145867 48.218354964863586),9,Währinger Gürtel-Borschkeg.,1094,
AMPELOGD.fid-7d8850_14a347986c2_34e7,POINT (16.38698705606118 48.216117537839004),2,Praterstr.-Rotensterng.,1095,
AMPELOGD.fid-7d8850_14a347986c2_34e8,POINT (16.328364437527558 48.15239473051309),23,A.Baumgartner-Str.-Gutheil Schoder-G/Schwarzenhaidestr.,1097,
AMPELOGD.fid-7d8850_14a347986c2_34e9,POINT (16.38452010078814 48.2044415074682),3,Invalidenstr.-Ungarg.,1099,
AMPELOGD.fid-7d8850_14a347986c2_34ea,POINT (16.374498683081036 48.16849097644017),10,Troststr.-Ettenreichg.,1100,
AMPELOGD.fid-7d8850_14a347986c2_34eb,POINT (16.411313103656585 48.235714389038115),22,Donau City-L. Bernst. Zuf. ACV,1101,
AMPELOGD.fid-7d8850_14a347986c2_34ec,POINT (16.255090250803843 48.202687532415304),14,Linzer Str.-Bujattig.,1108,
AMPELOGD.fid-7d8850_14a347986c2_34ed,POINT (16.339454446133683 48.148976416606736),23,Sterngasse-Klingerstr.,1112,
AMPELOGD.fid-7d8850_14a347986c2_34ee,POINT (16.375494160880745 48.2815851752276),21,Einzingerg.-Vohburgg.,1114,
AMPELOGD.fid-7d8850_14a347986c2_34ef,POINT (16.418279548075777 48.272185017348576),21,Siemensstr.-Ruthnerg.,1122,
AMPELOGD.fid-7d8850_14a347986c2_34f0,POINT (16.39222998396082 48.26049366538852),21,Tetmayerg.-,1125,
AMPELOGD.fid-7d8850_14a347986c2_34f1,POINT (16.38436837347039 48.17470949103731),10,Quellenstr.-Steudelg.,1128,
AMPELOGD.fid-7d8850_14a347986c2_34f2,POINT (16.31325702385759 48.15024743727349),23,A.Baumgartner-Str.-Ausfahrt Wohnblock B,1129,
AMPELOGD.fid-7d8850_14a347986c2_34f3,POINT (16.33654645436973 48.22396410908295),18,Kreuzg.-Teschnerg.,1131,
AMPELOGD.fid-7d8850_14a347986c2_34f4,POINT (16.41560780493148 48.20158801714358),2,Stadionallee-Lusthausstr.,1132,
AMPELOGD.fid-7d8850_14a347986c2_34f5,POINT (16.529689077219196 48.212661305573576),22,Eßlinger Hauptstr.-Schafflerhofstr.,1133,
AMPELOGD.fid-7d8850_14a347986c2_34f6,POINT (16.344026503772167 48.185501700709175),12,Gaudenzd. Gürtel-Arndtstr.,1137,
AMPELOGD.fid-7d8850_14a347986c2_34f7,POINT (16.326950524495395 48.18001962162102),12,Ruckerg.-Tivolig.,1141,
AMPELOGD.fid-7d8850_14a347986c2_34f8,POINT (16.399082190301176 48.26001708569869),21,Brünner Str.-Angerer Str./H.Bahr St,1143,
AMPELOGD.fid-7d8850_14a347986c2_34f9,POINT (16.379808624440646 48.170354635186385),10,Favoritenstr.-Kennerg./Inzersd.Str.,1144,
AMPELOGD.fid-7d8850_14a347986c2_34fa,POINT (16.459872434621666 48.24078628537786),22,Wr. Nordrandstr.-AS-Hirschstetten,1150,
AMPELOGD.fid-7d8850_14a347986c2_34fb,POINT (16.368121919313584 48.18873443027116),4,Rainerg.-Schönburgstr.,1157,
AMPELOGD.fid-7d8850_14a347986c2_34fc,POINT (16.37516206141461 48.22264292869293),2,Ob.Augartenstr.-Unt. Augartenstr.,1160,
AMPELOGD.fid-7d8850_14a347986c2_34fd,POINT (16.405074545447885 48.27736211053952),21,Jedlersd. Str.-Frauenstiftg.,1161,
AMPELOGD.fid-7d8850_14a347986c2_34fe,POINT (16.40768685605987 48.23474541089963),22,Leonard Bernstein Str.-Wallenbergg.,1164,
AMPELOGD.fid-7d8850_14a347986c2_34ff,POINT (16.41419915617519 48.286289044413266),21,Brünner Str.-Empergerg.,1169,
AMPELOGD.fid-7d8850_14a347986c2_3500,POINT (16.3857106305066 48.191119831324485),3,Fasang.-Kölblg.,1170,
AMPELOGD.fid-7d8850_14a347986c2_3501,POINT (16.45317110364378 48.26264998225035),22,Wagramer Str.-Maculang./Aderklaer St,1175,
AMPELOGD.fid-7d8850_14a347986c2_3502,POINT (16.342057173598945 48.2251240697906),18,Martinstr.-Schulg.,1176,
AMPELOGD.fid-7d8850_14a347986c2_3503,POINT (16.33957162635418 48.180326866746306),12,Längenfeldg.-Böckhg.,1177,
AMPELOGD.fid-7d8850_14a347986c2_3504,POINT (16.35700672290923 48.22490756049114),9,Alserbachstr.-Liechtensteinstr.,1178,
AMPELOGD.fid-7d8850_14a347986c2_3505,POINT (16.42280903334244 48.30118932677018),21,Brünner Str.-Eberescheng.,847,
AMPELOGD.fid-7d8850_14a347986c2_3506,POINT (16.22620393806303 48.20346478217117),14,Wientalstr.-Ausfahrt MA 28,848,
AMPELOGD.fid-7d8850_14a347986c2_3507,POINT (16.27128026474536 48.1990971905322),14,Linzer Str.-Hütteldorfer Str.,849,
AMPELOGD.fid-7d8850_14a347986c2_3508,POINT (16.30724443738764 48.12777397030417),23,Ketzerg.-Lemböckg.,851,
AMPELOGD.fid-7d8850_14a347986c2_3509,POINT (16.37893049669896 48.2202254296661),2,Ob.Augartenstr.-Gr. Sperlg.,852,
AMPELOGD.fid-7d8850_14a347986c2_350a,POINT (16.40034481138694 48.22531642022829),2,Vorgartenstr.-Walcherstr.,853,
AMPELOGD.fid-7d8850_14a347986c2_350b,POINT (16.41135979061212 48.26060594260737),21,Katsushikastr.-Steinheilg.,861,
AMPELOGD.fid-7d8850_14a347986c2_350c,POINT (16.36750910719396 48.18841147362926),4,Rainerg.-Johann-Strauß-G.,865,
AMPELOGD.fid-7d8850_14a347986c2_350d,POINT (16.31719952064273 48.206555122662664),16,Gablenzg.-Possingerg.,867,
AMPELOGD.fid-7d8850_14a347986c2_350e,POINT (16.340066134288467 48.17935953963053),12,Längenfeldg.-Flurschützstr.,869,
AMPELOGD.fid-7d8850_14a347986c2_350f,POINT (16.37032170650605 48.23273064689659),20,Jägerstr.-Brigittapl.,870,
AMPELOGD.fid-7d8850_14a347986c2_3510,POINT (16.399664230961438 48.198945493102265),3,Erdbergstr.-Haidingerg.,872,
AMPELOGD.fid-7d8850_14a347986c2_3511,POINT (16.44648832165931 48.23255069753791),22,Erzherzog Karl-Str.-Siebenbürgerstr./V.K.S,875,
AMPELOGD.fid-7d8850_14a347986c2_3512,POINT (16.29698789154407 48.19741187444863),14,Hütteldorfer Str.-Ameisbachzeile,877,
AMPELOGD.fid-7d8850_14a347986c2_3513,POINT (16.354342069046933 48.231451697866724),9,Nußdorfer Str.-Latschkag.,878,
AMPELOGD.fid-7d8850_14a347986c2_3514,POINT (16.349006275900233 48.23706018286723),19,Billrothstr.-P.Jordan-Str./Gym.Str.,882,
AMPELOGD.fid-7d8850_14a347986c2_3515,POINT (16.41753726621746 48.271409353171165),21,Ruthnerg.-Siemensplatz,883,
AMPELOGD.fid-7d8850_14a347986c2_3516,POINT (16.36985041576726 48.22644148903051),20,Gaußpl.-Klosterneuburger Str.,886,
AMPELOGD.fid-7d8850_14a347986c2_3517,POINT (16.315809040112885 48.199049452277364),15,Hütteldorfer Str.-ON 95-109,887,
AMPELOGD.fid-7d8850_14a347986c2_3518,POINT (16.363451390973935 48.19529680905437),4,Margaretenstr.-Heumühlg.,892,
AMPELOGD.fid-7d8850_14a347986c2_3519,POINT (16.3930138878556 48.25246271883756),21,Floridsdorfer Hauptstr.-Fännerg.,894,
AMPELOGD.fid-7d8850_14a347986c2_351a,POINT (16.275279608365715 48.17401334944704),13,Versorgungsheimpl.-,896,
AMPELOGD.fid-7d8850_14a347986c2_351b,POINT (16.390226853312722 48.219711073410366),2,Nordbahnstr.-Kleine Stadtgutg.,898,
AMPELOGD.fid-7d8850_14a347986c2_351c,POINT (16.46473540141394 48.225658081784374),22,Erzherzog Karl-Str.-Hartlebeng./Salbeig.,900,
AMPELOGD.fid-7d8850_14a347986c2_351d,POINT (16.43267053750105 48.15955069845746),11,Simmeringer Hptstr.-Weichseltalweg,903,
AMPELOGD.fid-7d8850_14a347986c2_351e,POINT (16.3749025260183 48.23091878125032),20,Wallensteinstr.-Rauscherstr.,908,
AMPELOGD.fid-7d8850_14a347986c2_351f,POINT (16.325292130744778 48.194681288254316),15,Felberstr.-Holocherg.,909,
AMPELOGD.fid-7d8850_14a347986c2_3520,POINT (16.28477230327417 48.18727119581706),13,Hietzinger Hptstr.-St.Veit.G.,911,
AMPELOGD.fid-7d8850_14a347986c2_3521,POINT (16.360183603632112 48.22077800067574),9,Liechtensteinstr.-Bauernfeldpl.,913,
AMPELOGD.fid-7d8850_14a347986c2_3522,POINT (16.339030352444812 48.19839477378216),7,Neubaugürtel-Stollg.,916,
AMPELOGD.fid-7d8850_14a347986c2_3523,POINT (16.504262612407775 48.2156837236267),22,Gr.Enzersdorfer Str.-Flugfeldstr.,922,
AMPELOGD.fid-7d8850_14a347986c2_3524,POINT (16.322874334959344 48.22408584186614),17,Wattg.-Lidlg./Richthausenstr.,924,
AMPELOGD.fid-7d8850_14a347986c2_3525,POINT (16.415996227190057 48.23169623293739),22,Wagramer Str.-Schüttaustr.,925,
AMPELOGD.fid-7d8850_14a347986c2_3526,POINT (16.47984721325845 48.217430257584674),22,Langobardenstr.-Oberdorfstr.,927,
AMPELOGD.fid-7d8850_14a347986c2_3527,POINT (16.291640773019733 48.1623768369969),13,Rosenhügelstr.-Atzgersd. Str./Wundtg.,930,
AMPELOGD.fid-7d8850_14a347986c2_3528,POINT (16.221827379804974 48.20720930790009),14,Wientalstr.-Albert -Schweitzer-G.,932,
AMPELOGD.fid-7d8850_14a347986c2_3529,POINT (16.346869611716574 48.148942233286384),23,Pfarrg.-Kolbeg.,933,
AMPELOGD.fid-7d8850_14a347986c2_352a,POINT (16.45576995669146 48.264614544776),22,Wagramer Str.-Julius Ficker Str.,936,
AMPELOGD.fid-7d8850_14a347986c2_352b,POINT (16.32034216336126 48.1689173953532),12,Breitenfurter Str.-Schneiderhang.,937,
AMPELOGD.fid-7d8850_14a347986c2_352c,POINT (16.322437443823823 48.19880715348478),15,Hütteldorfer Str.-ON 52-62,940,
AMPELOGD.fid-7d8850_14a347986c2_352d,POINT (16.40459239398227 48.184796271057806),11,Simmeringer Hptstr.-Gleisverschwenk,941,
AMPELOGD.fid-7d8850_14a347986c2_352e,POINT (16.339222284815275 48.21760815249856),17,Jörgerstr.-Veronikag./Martinstr.,944,
AMPELOGD.fid-7d8850_14a347986c2_352f,POINT (16.31712107788183 48.14133935530676),23,Erlaaer Str.-Meischlg.,946,
AMPELOGD.fid-7d8850_14a347986c2_3530,POINT (16.47284827909648 48.27465934086631),22,Wr. Nordrandstr.-Wagramer Str.,947,
AMPELOGD.fid-7d8850_14a347986c2_3531,POINT (16.359209397894713 48.21420195097062),9,Universitätsstr.-Reichsratsstr.,948,
AMPELOGD.fid-7d8850_14a347986c2_3532,POINT (16.35812490403292 48.17737727270936),10,Knöllg.-Quellenstr.,949,
AMPELOGD.fid-7d8850_14a347986c2_3533,POINT (16.312558584914328 48.19307821500344),14,Linzer Str.-ON 57-67,951,
AMPELOGD.fid-7d8850_14a347986c2_3534,POINT (16.40837024929781 48.25496541099232),21,Donaufelder Str.-Schloßhofer Str./Hoßpl.,954,
AMPELOGD.fid-7d8850_14a347986c2_3535,POINT (16.4003372112257 48.223223897816),2,Lassallestr.-Radinger Str.,958,
AMPELOGD.fid-7d8850_14a347986c2_3536,POINT (16.497610026462798 48.25120376012574),22,Breitenleer Str.-Hausfeldstr./Oleanderg.,960,
AMPELOGD.fid-7d8850_14a347986c2_3537,POINT (16.325450146419637 48.21308864165724),16,Johann Nepomuk Berger Platz-,964,
AMPELOGD.fid-7d8850_14a347986c2_3538,POINT (16.279912410856696 48.16879738045248),13,Wolkersbergenstr.-Biraghig.,967,
AMPELOGD.fid-7d8850_14a347986c2_3539,POINT (16.3154224537562 48.21209074653301),16,Thaliastr.-Gruberg.,968,
AMPELOGD.fid-7d8850_14a347986c2_353a,POINT (16.341956433106105 48.21633722067248),9,Hernalser Gürtel-Kinderspitalg.,971,
AMPELOGD.fid-7d8850_14a347986c2_353b,POINT (16.461712396876948 48.220438650279426),22,Langobardenstr.-Hartlebeng.,1225,
AMPELOGD.fid-7d8850_14a347986c2_353c,POINT (16.371803467977358 48.19735503611042),4,Argentinierstr.-Gußhausstr.,1226,
AMPELOGD.fid-7d8850_14a347986c2_353d,POINT (16.319706420881882 48.17221143921939),12,Edelsinnstr.-Schwenkg.,1229,
AMPELOGD.fid-7d8850_14a347986c2_353e,POINT (16.372071887128943 48.211257334451076),1,Hoher Markt-Tuchlauben,1230,
AMPELOGD.fid-7d8850_14a347986c2_353f,POINT (16.49269154673458 48.217249071691846),22,Gr.Enzersdorfer Str.-Lohwagg./Haberlandg.,1231,
AMPELOGD.fid-7d8850_14a347986c2_3540,POINT (16.39606169619905 48.15507226635223),10,Laaer-Berg-Strasse-Kronawetter,1233,
AMPELOGD.fid-7d8850_14a347986c2_3541,POINT (16.331052002086366 48.171625324450105),12,Wienerbergstr.-Pottendorfer Str.,1234,
AMPELOGD.fid-7d8850_14a347986c2_3542,POINT (16.22397815567308 48.208997110356606),14,Hauptstr.-Badg.,1235,
AMPELOGD.fid-7d8850_14a347986c2_3543,POINT (16.24839530571054 48.20368932005184),14,Linzer Str.-Utendorfg.,1244,
AMPELOGD.fid-7d8850_14a347986c2_3544,POINT (16.396800861658335 48.15262966764541),10,Laaer-Berg-Strasse-Filmteichstr.,1246,
AMPELOGD.fid-7d8850_14a347986c2_3545,POINT (16.334547482569388 48.237089051486855),19,Peter Jordan-Str.-Dänenstr.,1248,
AMPELOGD.fid-7d8850_14a347986c2_3546,POINT (16.355640147478475 48.196399442399624),6,Linke Wienzeile-Magdalenenstr.,1249,
AMPELOGD.fid-7d8850_14a347986c2_3547,POINT (16.320323038642872 48.19012790728888),15,Mariahilfer Str.-Winckelmannstr/Avediks,1251,
AMPELOGD.fid-7d8850_14a347986c2_3548,POINT (16.462362475942623 48.23556666110008),22,Stadlauer Strasse-Hirschstettner Str.,1255,
AMPELOGD.fid-7d8850_14a347986c2_3549,POINT (16.474998191092975 48.21806132585763),22,Langobardenstr.-Oskar-Sima-G.,1264,
AMPELOGD.fid-7d8850_14a347986c2_354a,POINT (16.44722446961782 48.20662324546021),22,Am Kaisermühlendamm-Raffineriestr.,1266,
AMPELOGD.fid-7d8850_14a347986c2_354b,POINT (16.432356377829713 48.27311971207003),21,Richard-Neutra-G.-Felmayerg.,1269,
AMPELOGD.fid-7d8850_14a347986c2_354c,POINT (16.349292174393174 48.19988071437973),7,Lindeng.-Neubaug.,1270,
AMPELOGD.fid-7d8850_14a347986c2_354d,POINT (16.38035429454365 48.215713344291316),2,Taborstr.-Schmelzg./Kl.Sperlg.,1271,
AMPELOGD.fid-7d8850_14a347986c2_354e,POINT (16.36074010853132 48.23259433945372),9,Spittelauer Lände-Ausfahrt Park u Ride,1272,
AMPELOGD.fid-7d8850_14a347986c2_354f,POINT (16.316609053873186 48.203452445710965),15,Possingerg.-Auf d. Schmelz,1287,
AMPELOGD.fid-7d8850_14a347986c2_3550,POINT (16.36628326823456 48.23170881007939),20,Klosterneuburger Str.-Gerhardusg.,1294,
AMPELOGD.fid-7d8850_14a347986c2_3551,POINT (16.379999627700315 48.244843977771),20,Friedrich-Engels-Platz-,1297,
AMPELOGD.fid-7d8850_14a347986c2_3552,POINT (16.33012995296384 48.19151153597171),15,Mariahilfer Str.-Grenzg.,1299,
AMPELOGD.fid-7d8850_14a347986c2_3553,POINT (16.315384193662247 48.16972879014484),12,Altmannsdorfer Str.-Belghoferg.,1183,
AMPELOGD.fid-7d8850_14a347986c2_3554,POINT (16.301563206700237 48.1861268680998),13,Hietzinger Hptstr.-Am Platz,1185,
AMPELOGD.fid-7d8850_14a347986c2_3555,POINT (16.367137071132113 48.19436390643609),4,Wiedner Hauptstr.-Florag.,1187,
AMPELOGD.fid-7d8850_14a347986c2_3556,POINT (16.361012732888412 48.27031039110639),19,Heiligenst. Str.-ON 295,1190,
AMPELOGD.fid-7d8850_14a347986c2_3557,POINT (16.38920004623362 48.2363415886317),20,Engerthstr.-Traiseng.,1191,
AMPELOGD.fid-7d8850_14a347986c2_3558,POINT (16.271764106879413 48.139096188163286),23,Breitenfurter Str.-Hoferstiege,1192,
AMPELOGD.fid-7d8850_14a347986c2_3559,POINT (16.429283627658627 48.26257254694029),21,Leopoldauer Str.-Josef Brazdovics - Str.,1196,
AMPELOGD.fid-7d8850_14a347986c2_355a,POINT (16.296383161054067 48.17050621487943),13,Hetzendorfer Str.-Atzgersd.Str./Stranzenb,1198,
AMPELOGD.fid-7d8850_14a347986c2_355b,POINT (16.356340504200116 48.13429515893107),23,Laxenburger Str.-Richard-Tauber-Gasse,1199,
AMPELOGD.fid-7d8850_14a347986c2_355c,POINT (16.426067483008598 48.25239476677248),21,Donaufelder Str.-ON 130,1202,
AMPELOGD.fid-7d8850_14a347986c2_355d,POINT (16.29845893575363 48.161479017824924),,Wundtg.-SW-Friedhof Tor 3,1204,
AMPELOGD.fid-7d8850_14a347986c2_355e,POINT (16.46312262453568 48.154611558263966),11,Svetelskystr.-ON 7,1208,
AMPELOGD.fid-7d8850_14a347986c2_355f,POINT (16.29156313703918 48.182978056167975),13,Lainzer Str.-Wenzg.,1209,
AMPELOGD.fid-7d8850_14a347986c2_3560,POINT (16.42411235374379 48.166763413859385),11,Simmeringer Hptstr.-Dürnbacherstr.,1211,
AMPELOGD.fid-7d8850_14a347986c2_3561,POINT (16.30130812162306 48.153036711587546),23,Breitenfurter Str.-Walter Jurmanng.,1212,
AMPELOGD.fid-7d8850_14a347986c2_3562,POINT (16.351674026743055 48.196364706500496),6,Gumpendorfer Str.-Amerlingstr.,1213,
AMPELOGD.fid-7d8850_14a347986c2_3563,POINT (16.372737770890783 48.2129348898852),1,Salztorg.-Salzgries,1214,
AMPELOGD.fid-7d8850_14a347986c2_3564,POINT (16.323719777096777 48.141211819798464),23,Altmannsdorfer Str.-Meischlg.,1217,
AMPELOGD.fid-7d8850_14a347986c2_3565,POINT (16.33934306793476 48.193586193162815),6,Mariahilfer Gürtel-Kurzg.,1218,
AMPELOGD.fid-7d8850_14a347986c2_3566,POINT (16.378194508689777 48.23812004439249),20,Dresdner Str.-Winarskystr.,1222,
AMPELOGD.fid-7d8850_14a347986c2_3567,POINT (16.31241822771695 48.19902019788038),14,Hütteldorfer Str.-Reinlg./Poschg.,1223,
AMPELOGD.fid-7d8850_14a347986c2_3568,POINT (16.40436484207369 48.2574734285304),21,Leopoldauer Str.-Angerer Str./Patrizig.,1224,
