FID,SHAPE,STRASSE,STELLPL_ANZ,BEZIRK,SE_SDO_ROWID,SE_ANNO_CAD_DATA
MOTORRADABSTELLPLATZOGD.327344,POINT (16.32515322916597 48.19090850760946),Mariahilfer Straﬂe,103,15,327344,
MOTORRADABSTELLPLATZOGD.327345,POINT (16.323396990082994 48.190532234575066),Mariahilfer Straﬂe,13,15,327345,
MOTORRADABSTELLPLATZOGD.327346,POINT (16.32765954722596 48.16616884965853),Graffitistraﬂe,7,12,327346,
MOTORRADABSTELLPLATZOGD.327347,POINT (16.38028908877095 48.14997666617926),Stockholmer Platz,3,10,327347,
MOTORRADABSTELLPLATZOGD.327348,POINT (16.312364890063407 48.1662907204425),Hetzendorfer Straﬂe,4,12,327348,
MOTORRADABSTELLPLATZOGD.327349,POINT (16.348984788723005 48.18986810045986),Mollardgasse,7,6,327349,
MOTORRADABSTELLPLATZOGD.327350,POINT (16.350275576876456 48.190161497927235),Molladgasse,7,6,327350,
MOTORRADABSTELLPLATZOGD.327351,POINT (16.34818658527873 48.19247322544327),Webgasse,6,6,327351,
MOTORRADABSTELLPLATZOGD.327352,POINT (16.349488586552354 48.19519194881407),Otto-Bauer-Gasse,7,6,327352,
MOTORRADABSTELLPLATZOGD.327353,POINT (16.354719313198697 48.20417512881763),Burggasse,3,7,327353,
MOTORRADABSTELLPLATZOGD.327354,POINT (16.37009854590726 48.21719756597869),Schottenring,6,1,327354,
MOTORRADABSTELLPLATZOGD.327355,POINT (16.47696217024081 48.217552072732914),Trondheimgasse,3,22,327355,
MOTORRADABSTELLPLATZOGD.327356,POINT (16.476133777085558 48.21622793393749),Trondheimgasse,2,22,327356,
MOTORRADABSTELLPLATZOGD.327357,POINT (16.36972085968486 48.18683988723861),Schˆnburgstraﬂe,4,4,327357,
MOTORRADABSTELLPLATZOGD.327358,POINT (16.35932513591125 48.171948785469404),Malborghetgasse,8,10,327358,
MOTORRADABSTELLPLATZOGD.327359,POINT (16.340078729735104 48.19190894849466),Strohmayergasse,10,6,327359,
MOTORRADABSTELLPLATZOGD.327360,POINT (16.34607491565239 48.15496665278659),Otto-Probst-Straﬂe,6,10,327360,
MOTORRADABSTELLPLATZOGD.327361,POINT (16.34601527042514 48.23039693252939),Edelhofgasse,7,18,327361,
MOTORRADABSTELLPLATZOGD.327362,POINT (16.367873569889696 48.21145785194675),Am Hof,17,1,327362,
MOTORRADABSTELLPLATZOGD.327363,POINT (16.389964926406616 48.20542267463249),Uchatiusgasse,5,3,327363,
MOTORRADABSTELLPLATZOGD.327364,POINT (16.387043316893134 48.168375341900656),Absberggasse,5,10,327364,
MOTORRADABSTELLPLATZOGD.327365,POINT (16.31564904904347 48.19472313874019),Goldschlagstraﬂe,5,15,327365,
MOTORRADABSTELLPLATZOGD.327366,POINT (16.319627332129137 48.19741212018937),Eduard-Sueﬂ-Gasse,3,15,327366,
MOTORRADABSTELLPLATZOGD.327367,POINT (16.31164108802216 48.19565207613648),Goldschlagstraﬂe,7,14,327367,
MOTORRADABSTELLPLATZOGD.327368,POINT (16.413623363091624 48.18395150989702),Modecenterstraﬂe,7,3,327368,
MOTORRADABSTELLPLATZOGD.327369,POINT (16.35722898879516 48.22712276350748),Lichtentaler Gasse,5,9,327369,
MOTORRADABSTELLPLATZOGD.327370,POINT (16.343005609755835 48.18945219168664),Hornbostelgasse,5,6,327370,
MOTORRADABSTELLPLATZOGD.327371,POINT (16.343073653139097 48.2250099763489),Schulgasse,7,18,327371,
MOTORRADABSTELLPLATZOGD.327372,POINT (16.390851263250337 48.14225147413983),Kurt-Tichy-Gasse,6,10,327372,
MOTORRADABSTELLPLATZOGD.327373,POINT (16.40235811431874 48.22660894494678),Wehlistraﬂe,2,2,327373,
MOTORRADABSTELLPLATZOGD.327374,POINT (16.373425594820606 48.19455295698073),Argentinierstraﬂe,9,4,327374,
MOTORRADABSTELLPLATZOGD.327375,POINT (16.441486154819387 48.25209053510785),Anton-Sattler-Gasse,4,22,327375,
MOTORRADABSTELLPLATZOGD.327376,POINT (16.383003597696604 48.17412082010887),Buchengasse,5,10,327376,
MOTORRADABSTELLPLATZOGD.327377,POINT (16.356529989606834 48.1902714590786),Br‰uhausgasse,4,5,327377,
MOTORRADABSTELLPLATZOGD.327378,POINT (16.35757424335731 48.21195660415964),Ebendorferstraﬂe,9,1,327378,
MOTORRADABSTELLPLATZOGD.327379,POINT (16.356565293317548 48.190220039529436),Br‰uhausgasse,5,5,327379,
MOTORRADABSTELLPLATZOGD.327380,POINT (16.33884085025492 48.2072677269306),Bernardgasse,4,7,327380,
MOTORRADABSTELLPLATZOGD.327381,POINT (16.33233306137272 48.22553117407163),Lacknergasse,7,18,327381,
MOTORRADABSTELLPLATZOGD.327382,POINT (16.431533787778438 48.24161150951351),Donizettiweg,10,22,327382,
MOTORRADABSTELLPLATZOGD.327383,POINT (16.345611432971562 48.214210999410795),Feldgasse,4,8,327383,
MOTORRADABSTELLPLATZOGD.327384,POINT (16.348538824378757 48.19433816342408),Liniengasse,8,6,327384,
MOTORRADABSTELLPLATZOGD.327385,POINT (16.332436423697523 48.17969747493106),Hilschergasse,7,12,327385,
MOTORRADABSTELLPLATZOGD.327386,POINT (16.34050951330057 48.22684496491969),W‰hringer Straﬂe,4,18,327386,
MOTORRADABSTELLPLATZOGD.327387,POINT (16.418282298724098 48.18571244994517),Guglgasse,,3,327387,
MOTORRADABSTELLPLATZOGD.327388,POINT (16.46039088279575 48.1521121553062),Rosa-Jochmann-Ring,2,11,327388,
MOTORRADABSTELLPLATZOGD.327389,POINT (16.398801974046044 48.19542563125364),Rabengasse,8,3,327389,
MOTORRADABSTELLPLATZOGD.327390,POINT (16.367598113810462 48.18501218820511),Blechturmgasse,6,5,327390,
MOTORRADABSTELLPLATZOGD.327391,POINT (16.457442446811264 48.25339903438693),Markomannenstraﬂe,7,22,327391,
MOTORRADABSTELLPLATZOGD.327392,POINT (16.354455491352432 48.19728077429387),Luftbadgasse,7,6,327392,
MOTORRADABSTELLPLATZOGD.327713,POINT (16.39072625674749 48.26452447174685),Voltagasse,4,21,327713,
MOTORRADABSTELLPLATZOGD.327714,POINT (16.389020973199717 48.26304566469835),Edisonstraﬂe,7,21,327714,
MOTORRADABSTELLPLATZOGD.327715,POINT (16.348400756689156 48.207928378491076),Pfeilgasse,5,8,327715,
MOTORRADABSTELLPLATZOGD.327716,POINT (16.328768985009493 48.177016545101374),Ratschkygasse,7,12,327716,
MOTORRADABSTELLPLATZOGD.327717,POINT (16.32382130568132 48.19044603206924),Mariahilfer Straﬂe,42,15,327717,
MOTORRADABSTELLPLATZOGD.327718,POINT (16.32381419186862 48.190729537596525),Kauergasse,13,15,327718,
MOTORRADABSTELLPLATZOGD.327719,POINT (16.35189909261141 48.23341226088781),Werkmanngasse,8,19,327719,
MOTORRADABSTELLPLATZOGD.327720,POINT (16.320777609088378 48.21629330845158),Wichtelgasse,8,16,327720,
MOTORRADABSTELLPLATZOGD.327721,POINT (16.433515508974043 48.259065411569495),Viehtriftgasse,3,21,327721,
MOTORRADABSTELLPLATZOGD.327722,POINT (16.410604694030443 48.25287552939325),Nordmanngasse,4,21,327722,
MOTORRADABSTELLPLATZOGD.327723,POINT (16.357504654582264 48.18171311241992),Leopold-Rister-Straﬂe,9,5,327723,
MOTORRADABSTELLPLATZOGD.327724,POINT (16.36420819557483 48.18472566602542),Hauslabgasse,7,5,327724,
MOTORRADABSTELLPLATZOGD.327725,POINT (16.471523124052265 48.15256105915397),Dreherstraﬂe,3,11,327725,
MOTORRADABSTELLPLATZOGD.327726,POINT (16.422571156896666 48.16423058992999),Lorystraﬂe,7,11,327726,
MOTORRADABSTELLPLATZOGD.327727,POINT (16.349274206944738 48.193332817748285),Gumpendorfer Straﬂe,7,6,327727,
MOTORRADABSTELLPLATZOGD.327728,POINT (16.346633572289132 48.189730937321514),Mollardgasse,9,6,327728,
MOTORRADABSTELLPLATZOGD.327729,POINT (16.345266100249585 48.18787816292848),Schˆnbrunner Straﬂe,7,5,327729,
MOTORRADABSTELLPLATZOGD.327730,POINT (16.40288390254613 48.2563231521949),Schloﬂhofer Straﬂe,4,21,327730,
MOTORRADABSTELLPLATZOGD.327731,POINT (16.347937676093988 48.21155750600663),Fuhrmannsgasse,2,8,327731,
MOTORRADABSTELLPLATZOGD.327732,POINT (16.36548294365557 48.19716084014401),Schleifm¸hlgasse,3,4,327732,
MOTORRADABSTELLPLATZOGD.327733,POINT (16.346294428199602 48.19042313819315),Dominikanergasse,10,6,327733,
MOTORRADABSTELLPLATZOGD.327734,POINT (16.395069051615067 48.143041612078854),Bahnl‰nde,4,10,327734,
MOTORRADABSTELLPLATZOGD.327735,POINT (16.3419577627812 48.18958676527539),Mollardgasse,10,6,327735,
MOTORRADABSTELLPLATZOGD.327736,POINT (16.3513579243429 48.19699627546459),Bl¸melgasse,4,6,327736,
MOTORRADABSTELLPLATZOGD.327737,POINT (16.36195707439351 48.200974612113676),Gumpendorfer Straﬂe,7,6,327737,
MOTORRADABSTELLPLATZOGD.327738,POINT (16.361111993469073 48.1977691189644),Linke Wienzeile,7,6,327738,
MOTORRADABSTELLPLATZOGD.327739,POINT (16.341473243226027 48.20538359139602),Halbgasse,5,7,327739,
MOTORRADABSTELLPLATZOGD.327740,POINT (16.34713047631689 48.20425063619633),Burggasse,4,7,327740,
MOTORRADABSTELLPLATZOGD.327741,POINT (16.33931312452878 48.20952620515187),Lerchenfelder G¸rtel,1,8,327741,
MOTORRADABSTELLPLATZOGD.327742,POINT (16.344475302222996 48.19840395921516),Apollogasse,8,7,327742,
MOTORRADABSTELLPLATZOGD.327743,POINT (16.392051991429334 48.21196327224325),Obere Weiﬂgerberstraﬂe,6,3,327743,
MOTORRADABSTELLPLATZOGD.327744,POINT (16.310245838024212 48.21330142113499),Enenkelstraﬂe,7,16,327744,
MOTORRADABSTELLPLATZOGD.327745,POINT (16.347625876265738 48.20604652670149),Myrthengasse,3,7,327745,
MOTORRADABSTELLPLATZOGD.327746,POINT (16.338033032089903 48.241945610248486),Hutweidengasse,5,19,327746,
MOTORRADABSTELLPLATZOGD.327747,POINT (16.392091617051673 48.21204305653944),Obere Weiﬂgerberstraﬂe,4,3,327747,
MOTORRADABSTELLPLATZOGD.327748,POINT (16.338597620452195 48.21474396833591),Veronikagasse,4,17,327748,
MOTORRADABSTELLPLATZOGD.327749,POINT (16.458653033996058 48.15323625305702),Rosa-Jochmann-Ring,7,11,327749,
MOTORRADABSTELLPLATZOGD.327750,POINT (16.360342623102145 48.19817643742834),Laimgrubengasse,7,6,327750,
MOTORRADABSTELLPLATZOGD.327751,POINT (16.362742604748 48.198537310218),Linke Wienzeile,6,6,327751,
MOTORRADABSTELLPLATZOGD.327752,POINT (16.36710437685276 48.254211416219576),Kreilplatz,7,19,327752,
MOTORRADABSTELLPLATZOGD.327753,POINT (16.354111278594115 48.19133439898292),Rechte Wienzeile,4,5,327753,
MOTORRADABSTELLPLATZOGD.327754,POINT (16.3698627706468 48.252262996640574),Muthgasse,,19,327754,
MOTORRADABSTELLPLATZOGD.327755,POINT (16.369774780433335 48.25129466792005),Holzgasse,,19,327755,
MOTORRADABSTELLPLATZOGD.327756,POINT (16.33191005640502 48.23710379845755),Peter-Jordan-Straﬂe,3,19,327756,
MOTORRADABSTELLPLATZOGD.327757,POINT (16.391787972892967 48.17565747285098),Gudrunstraﬂe,4,10,327757,
MOTORRADABSTELLPLATZOGD.327758,POINT (16.338334310659054 48.22884997330256),Hofstattgasse,4,18,327758,
MOTORRADABSTELLPLATZOGD.327759,POINT (16.380302207569432 48.17639023675797),Wielandplatz,10,10,327759,
MOTORRADABSTELLPLATZOGD.327760,POINT (16.37213360734195 48.21054867555635),Landskrongasse,,1,327760,
MOTORRADABSTELLPLATZOGD.327761,POINT (16.281541093877376 48.1769810901064),Jagdschloﬂgasse,4,13,327761,
MOTORRADABSTELLPLATZOGD.327762,POINT (16.36806817238269 48.15736945576665),Braheplatz,4,10,327762,
MOTORRADABSTELLPLATZOGD.327763,POINT (16.422614347181124 48.16420883422593),Lorystraﬂe,12,11,327763,
MOTORRADABSTELLPLATZOGD.327764,POINT (16.46462820903473 48.15794617325991),Paulasgasse,4,11,327764,
MOTORRADABSTELLPLATZOGD.327765,POINT (16.434502112829055 48.25294793988139),Ullreichgasse,8,22,327765,
MOTORRADABSTELLPLATZOGD.327766,POINT (16.334571189073944 48.22363829220372),Weidmanngasse,6,17,327766,
MOTORRADABSTELLPLATZOGD.327767,POINT (16.337142924395145 48.241226778320815),Sailer‰ckergasse,4,19,327767,
MOTORRADABSTELLPLATZOGD.327768,POINT (16.472164411559685 48.234486114968846),Emichgasse,,22,327768,
MOTORRADABSTELLPLATZOGD.327769,POINT (16.343289158205188 48.20022727278373),Schottenfeldgasse,4,7,327769,
MOTORRADABSTELLPLATZOGD.327770,POINT (16.299149299986503 48.18108895080933),Tiroler Gasse,3,13,327770,
MOTORRADABSTELLPLATZOGD.327771,POINT (16.35039863231287 48.209506821277486),Josefst‰dter Straﬂe,4,8,327771,
MOTORRADABSTELLPLATZOGD.327772,POINT (16.4581942037227 48.22048188207006),Hardeggasse,7,22,327772,
MOTORRADABSTELLPLATZOGD.327773,POINT (16.363087687091507 48.19988897097177),Lehargasse,7,6,327773,
MOTORRADABSTELLPLATZOGD.327774,POINT (16.31128343454654 48.230907586539956),Czartoryskigasse,5,17,327774,
MOTORRADABSTELLPLATZOGD.327775,POINT (16.363882722868755 48.167253977738376),Neilreichgasse,,10,327775,
MOTORRADABSTELLPLATZOGD.327776,POINT (16.528293855466185 48.21190283782988),Rosalia-Chladek-Gasse,6,22,327776,
MOTORRADABSTELLPLATZOGD.327777,POINT (16.345206930233186 48.21224371183298),Skodagasse,4,8,327777,
MOTORRADABSTELLPLATZOGD.327778,POINT (16.302422873174358 48.14848356202549),Josef-÷sterreicher-Gasse,4,23,327778,
MOTORRADABSTELLPLATZOGD.327779,POINT (16.35412813509359 48.209201736099885),Josefst‰dter Straﬂe,3,8,327779,
MOTORRADABSTELLPLATZOGD.327780,POINT (16.338934359753697 48.25566878886021),Mannagettagasse,5,19,327780,
MOTORRADABSTELLPLATZOGD.327781,POINT (16.467992411697022 48.15348336690261),S‰ngergasse,12,11,327781,
MOTORRADABSTELLPLATZOGD.327782,POINT (16.35268823488321 48.19799675883731),Schadekgasse,6,6,327782,
MOTORRADABSTELLPLATZOGD.327783,POINT (16.346422485390672 48.18834200607549),Schˆnbrunner Straﬂe,4,5,327783,
MOTORRADABSTELLPLATZOGD.327784,POINT (16.36545082607761 48.24964946353814),Mooslackengasse,7,19,327784,
MOTORRADABSTELLPLATZOGD.327785,POINT (16.364739435562225 48.17708075992042),Karmarschgasse,4,10,327785,
MOTORRADABSTELLPLATZOGD.327786,POINT (16.343415119881747 48.21071983606841),Josefst‰dter Straﬂe,10,8,327786,
MOTORRADABSTELLPLATZOGD.327787,POINT (16.342241984987265 48.21093052083529),Bennogasse,4,8,327787,
MOTORRADABSTELLPLATZOGD.327788,POINT (16.392097088123144 48.1960807209116),Boerhaavegasse,8,3,327788,
MOTORRADABSTELLPLATZOGD.327233,POINT (16.376545657249373 48.21528920121167),Hollandstraﬂe,13,2,327233,
MOTORRADABSTELLPLATZOGD.327234,POINT (16.37257296365857 48.220593582607705),Untere Augartenstraﬂe,5,2,327234,
MOTORRADABSTELLPLATZOGD.327235,POINT (16.281729281246776 48.13535076619711),Lehmanngasse,10,23,327235,
MOTORRADABSTELLPLATZOGD.327236,POINT (16.398891140998092 48.229301245791696),Wehlistraﬂe,5,2,327236,
MOTORRADABSTELLPLATZOGD.327237,POINT (16.411798395040194 48.301630113038),Stammesrsdorfer Straﬂe,1,21,327237,
MOTORRADABSTELLPLATZOGD.327238,POINT (16.414838576846467 48.21603538659464),Engerthstraﬂe,11,2,327238,
MOTORRADABSTELLPLATZOGD.327239,POINT (16.4163713174066 48.214942740000566),Engerthstraﬂe,11,2,327239,
MOTORRADABSTELLPLATZOGD.327240,POINT (16.420876803988275 48.21174682815733),Engerthstraﬂe,7,2,327240,
MOTORRADABSTELLPLATZOGD.327241,POINT (16.41813868412789 48.21384994144979),Engerthstraﬂe,9,2,327241,
MOTORRADABSTELLPLATZOGD.327242,POINT (16.41296095642272 48.21755575806105),Engerthstraﬂe,11,2,327242,
MOTORRADABSTELLPLATZOGD.327243,POINT (16.399360420049778 48.27763746471852),÷denburger Straﬂe,6,21,327243,
MOTORRADABSTELLPLATZOGD.327244,POINT (16.386845933251987 48.223112670274524),Volkertplatz,5,2,327244,
MOTORRADABSTELLPLATZOGD.327245,POINT (16.450151685169146 48.27674743661781),Schererstraﬂe,4,21,327245,
MOTORRADABSTELLPLATZOGD.327246,POINT (16.389170091287042 48.264787543019516),O'Brien-Gasse,5,21,327246,
MOTORRADABSTELLPLATZOGD.327247,POINT (16.411236070593485 48.2907334181872),Jedlersdorfer Straﬂe,5,21,327247,
MOTORRADABSTELLPLATZOGD.327248,POINT (16.408816181510844 48.27478458491207),Kantnergasse,3,21,327248,
MOTORRADABSTELLPLATZOGD.327249,POINT (16.39447813730256 48.27163214913703),Hopfengasse,5,21,327249,
MOTORRADABSTELLPLATZOGD.327250,POINT (16.40185546733546 48.26734415612739),Karl-Sch‰fer-Straﬂe,4,21,327250,
MOTORRADABSTELLPLATZOGD.327251,POINT (16.40220040374256 48.26728115141667),Karl-Sch‰fer-Straﬂe,4,21,327251,
MOTORRADABSTELLPLATZOGD.327252,POINT (16.375167236816583 48.24623456472467),Aignerstraﬂe,3,20,327252,
MOTORRADABSTELLPLATZOGD.327253,POINT (16.37516934941433 48.24608631066457),Aignerstraﬂe,3,20,327253,
MOTORRADABSTELLPLATZOGD.327254,POINT (16.404818837767813 48.219757784617414),Feuerbachstraﬂe,2,2,327254,
MOTORRADABSTELLPLATZOGD.327255,POINT (16.404676178614285 48.21967827859583),Feuerbachstraﬂe,2,2,327255,
MOTORRADABSTELLPLATZOGD.327256,POINT (16.322125247039153 48.19382189717401),Felberstraﬂe,5,15,327256,
MOTORRADABSTELLPLATZOGD.327257,POINT (16.43481491062785 48.20308904545129),Wehlistraﬂe,5,2,327257,
MOTORRADABSTELLPLATZOGD.327258,POINT (16.43617318556663 48.20211988979819),Wehlistraﬂe,4,2,327258,
MOTORRADABSTELLPLATZOGD.327259,POINT (16.437371185260055 48.201233069629076),Wehlistraﬂe,3,2,327259,
MOTORRADABSTELLPLATZOGD.327260,POINT (16.431973935246596 48.20511301449344),Wehlistraﬂe,12,2,327260,
MOTORRADABSTELLPLATZOGD.327261,POINT (16.382686153370518 48.24198706014913),Stromstraﬂe,3,20,327261,
MOTORRADABSTELLPLATZOGD.327262,POINT (16.423817898010554 48.30081040428638),Roman-Felleis-Gasse,6,21,327262,
MOTORRADABSTELLPLATZOGD.327263,POINT (16.402480422502993 48.2777946293386),Mitterhofergasse,7,21,327263,
MOTORRADABSTELLPLATZOGD.327264,POINT (16.385979911165975 48.264720825518005),Jedleseer Straﬂe,4,21,327264,
MOTORRADABSTELLPLATZOGD.327265,POINT (16.399530069738972 48.25818165658018),Pius-Parsch-Platz,8,21,327265,
MOTORRADABSTELLPLATZOGD.327266,POINT (16.39480482628238 48.221522106556534),Joseph-Roth-Gasse,8,2,327266,
MOTORRADABSTELLPLATZOGD.327267,POINT (16.419957300154113 48.22629707738451),Am Kaiserm¸hlendamm,2,22,327267,
MOTORRADABSTELLPLATZOGD.327268,POINT (16.41372479304659 48.1986300217127),Stadionallee,6,2,327268,
MOTORRADABSTELLPLATZOGD.327269,POINT (16.386898476473604 48.26295787451174),Jedleseer Straﬂe,12,21,327269,
MOTORRADABSTELLPLATZOGD.327270,POINT (16.402332472543158 48.27130767638163),Ignaz-Kˆck-Straﬂe,4,21,327270,
MOTORRADABSTELLPLATZOGD.327271,POINT (16.369766035969636 48.22195299117399),Obere Donaustraﬂe,6,2,327271,
MOTORRADABSTELLPLATZOGD.327272,POINT (16.382480969237953 48.213678588895),Praterstraﬂe,3,2,327272,
MOTORRADABSTELLPLATZOGD.327273,POINT (16.384599247423786 48.21272833382523),Untere Donaustraﬂe,12,2,327273,
MOTORRADABSTELLPLATZOGD.327274,POINT (16.389784087442855 48.22233016410389),Nordbahnstraﬂe,6,2,327274,
MOTORRADABSTELLPLATZOGD.327275,POINT (16.40689693629021 48.22152219457844),Jungstraﬂe,4,2,327275,
MOTORRADABSTELLPLATZOGD.327276,POINT (16.399315745336345 48.25824260581668),Pius-Parsch-Platz,10,21,327276,
MOTORRADABSTELLPLATZOGD.327277,POINT (16.386322708111127 48.27825245075887),Autokaderstraﬂe,7,21,327277,
MOTORRADABSTELLPLATZOGD.327278,POINT (16.415542605223735 48.21418919837264),Vorgartenstraﬂe,15,2,327278,
MOTORRADABSTELLPLATZOGD.327279,POINT (16.404852249123238 48.250822668145375),M¸hlsch¸ttelgasse,4,21,327279,
MOTORRADABSTELLPLATZOGD.327280,POINT (16.37408124583218 48.2023847801574),Hegelgasse,4,1,327280,
MOTORRADABSTELLPLATZOGD.327281,POINT (16.415832830930754 48.27939374260785),Skrauptstraﬂe,3,21,327281,
MOTORRADABSTELLPLATZOGD.327282,POINT (16.40403466838655 48.277590211466034),Mitterhofergasse,7,21,327282,
MOTORRADABSTELLPLATZOGD.327283,POINT (16.371416984569407 48.22151874270063),Rembrandtstraﬂe,5,2,327283,
MOTORRADABSTELLPLATZOGD.327284,POINT (16.37277128927471 48.22262675871416),Rembrandtstraﬂe,5,2,327284,
MOTORRADABSTELLPLATZOGD.327285,POINT (16.383078419160054 48.217211066664156),Groﬂe Mohrengasse,5,2,327285,
MOTORRADABSTELLPLATZOGD.327286,POINT (16.43638345142099 48.28582394752692),Gerasdorfer Straﬂe,2,21,327286,
MOTORRADABSTELLPLATZOGD.327287,POINT (16.374452572263227 48.22206614274933),Untere Augartenstraﬂe,3,2,327287,
MOTORRADABSTELLPLATZOGD.327288,POINT (16.37512974967338 48.21553652301758),Obere Donaustadtstraﬂe,5,2,327288,
MOTORRADABSTELLPLATZOGD.327289,POINT (16.456396463713475 48.22181753879925),Schickgasse,4,22,327289,
MOTORRADABSTELLPLATZOGD.327290,POINT (16.39749478805549 48.261470646256285),Gerichtsgasse,4,21,327290,
MOTORRADABSTELLPLATZOGD.327291,POINT (16.411185240049967 48.2118876079746),Trabrennstraﬂe,20,2,327291,
MOTORRADABSTELLPLATZOGD.327292,POINT (16.41115115896954 48.30165363160987),Stammersdorfer Straﬂe,3,21,327292,
MOTORRADABSTELLPLATZOGD.327293,POINT (16.287421761566822 48.15908547696583),Schluckergasse,5,13,327293,
MOTORRADABSTELLPLATZOGD.327294,POINT (16.3205991103645 48.216198439989526),Wilhelminenstraﬂe,7,16,327294,
MOTORRADABSTELLPLATZOGD.327295,POINT (16.469617135431413 48.152734559274336),S‰ngergasse,4,11,327295,
MOTORRADABSTELLPLATZOGD.327296,POINT (16.35818615959394 48.218191775702365),W‰hringer Straﬂe,5,9,327296,
MOTORRADABSTELLPLATZOGD.327297,POINT (16.356572211629246 48.174545194550596),Zur Spinnerin,9,10,327297,
MOTORRADABSTELLPLATZOGD.327298,POINT (16.449155614536256 48.27797195116186),Mˆllplatz,10,21,327298,
MOTORRADABSTELLPLATZOGD.327299,POINT (16.35614550421812 48.19723585001516),D¸rergasse,7,6,327299,
MOTORRADABSTELLPLATZOGD.327300,POINT (16.35157828402433 48.204887629382455),Kirchengasse,8,7,327300,
MOTORRADABSTELLPLATZOGD.327301,POINT (16.311088496496417 48.140908724567524),Carlbergergasse,6,23,327301,
MOTORRADABSTELLPLATZOGD.327302,POINT (16.387044911187953 48.15231591402913),Alaudagasse,4,10,327302,
MOTORRADABSTELLPLATZOGD.327303,POINT (16.353705948876296 48.19038133337243),Schˆnbrunner Straﬂe,2,5,327303,
MOTORRADABSTELLPLATZOGD.327304,POINT (16.364052553654567 48.17265982171361),Inzersdorfer Straﬂe,6,10,327304,
MOTORRADABSTELLPLATZOGD.327305,POINT (16.37074216458638 48.198282893147216),Karlsgasse,6,4,327305,
MOTORRADABSTELLPLATZOGD.327306,POINT (16.373307107958595 48.19477357701227),Argentinierstraﬂe,18,4,327306,
MOTORRADABSTELLPLATZOGD.327307,POINT (16.36740111786731 48.18854313851338),Johann-Strauﬂ-Gasse,7,4,327307,
MOTORRADABSTELLPLATZOGD.327308,POINT (16.369231183787594 48.19368778796514),Brahmsplatz,4,4,327308,
MOTORRADABSTELLPLATZOGD.327309,POINT (16.423437429336833 48.15886714655356),Am Kanal,3,11,327309,
MOTORRADABSTELLPLATZOGD.327310,POINT (16.366894643238137 48.19988433445725),Operngasse,4,4,327310,
MOTORRADABSTELLPLATZOGD.327311,POINT (16.46250320210189 48.157997158931614),Paulasgasse,7,11,327311,
MOTORRADABSTELLPLATZOGD.327312,POINT (16.336758421096913 48.22792048568207),W‰hringer Straﬂe,6,18,327312,
MOTORRADABSTELLPLATZOGD.327313,POINT (16.36381270038299 48.19236776764943),Kleine Neugasse,4,4,327313,
MOTORRADABSTELLPLATZOGD.327314,POINT (16.34703127552079 48.20122308257819),Hermanngasse,6,7,327314,
MOTORRADABSTELLPLATZOGD.327315,POINT (16.353356056432993 48.19164867111273),Linke Wienzeile,7,6,327315,
MOTORRADABSTELLPLATZOGD.327316,POINT (16.352731356334207 48.192901379795416),Mollardgasse,6,6,327316,
MOTORRADABSTELLPLATZOGD.327317,POINT (16.351914837702935 48.232971749646445),Werkmanngasse,5,19,327317,
MOTORRADABSTELLPLATZOGD.327318,POINT (16.355291437337165 48.215881979025816),Otto-Wagner-Platz,7,9,327318,
MOTORRADABSTELLPLATZOGD.327319,POINT (16.364315003554506 48.21981952986497),Servitengasse,4,9,327319,
MOTORRADABSTELLPLATZOGD.327320,POINT (16.357252179720913 48.22929749430053),Newaldgasse,4,9,327320,
MOTORRADABSTELLPLATZOGD.327321,POINT (16.358138387435584 48.22600648155666),Marktgasse,4,9,327321,
MOTORRADABSTELLPLATZOGD.327322,POINT (16.36186890797589 48.22652791764379),Nordbergstraﬂe,14,9,327322,
MOTORRADABSTELLPLATZOGD.327323,POINT (16.36209875340181 48.19670254331076),Preﬂgasse,3,4,327323,
MOTORRADABSTELLPLATZOGD.327324,POINT (16.334945966511416 48.20121282950746),H¸tteldorfer Straﬂe,7,15,327324,
MOTORRADABSTELLPLATZOGD.327325,POINT (16.356425688141847 48.22352642650876),Boltzmanngasse,3,9,327325,
MOTORRADABSTELLPLATZOGD.327326,POINT (16.362618107798266 48.16643964570106),Zohmanngasse,4,10,327326,
MOTORRADABSTELLPLATZOGD.327327,POINT (16.374400305346533 48.200919019342635),Schwarzenbergplatz,5,1,327327,
MOTORRADABSTELLPLATZOGD.327328,POINT (16.281752376832614 48.135341603953115),Lehmanngasse,11,23,327328,
MOTORRADABSTELLPLATZOGD.327329,POINT (16.352445716009992 48.20426328854932),Burggasse,3,7,327329,
MOTORRADABSTELLPLATZOGD.327330,POINT (16.359943288778155 48.24559467674976),Eduard-Pˆtzl-Gasse,4,19,327330,
MOTORRADABSTELLPLATZOGD.327331,POINT (16.341648873379466 48.203318724759015),Halbgasse,2,7,327331,
MOTORRADABSTELLPLATZOGD.327332,POINT (16.359239652915615 48.16943371300001),Malborghetgasse,3,10,327332,
MOTORRADABSTELLPLATZOGD.327333,POINT (16.324236627162957 48.217334075671495),Kapitelgasse,3,17,327333,
MOTORRADABSTELLPLATZOGD.327334,POINT (16.35635685765162 48.20533925345198),Museumstraﬂe,10,7,327334,
MOTORRADABSTELLPLATZOGD.327335,POINT (16.476575215645973 48.216821026067244),Trondheimgasse,3,22,327335,
MOTORRADABSTELLPLATZOGD.327336,POINT (16.35253653538133 48.17556548560866),Kundratstraﬂe,10,10,327336,
MOTORRADABSTELLPLATZOGD.327337,POINT (16.487461299273637 48.2494814210434),Ziegelhofstraﬂe,6,22,327337,
MOTORRADABSTELLPLATZOGD.327338,POINT (16.34829499450021 48.22520682520557),W‰hringer Straﬂe,10,18,327338,
MOTORRADABSTELLPLATZOGD.327339,POINT (16.466900314063704 48.1525615266956),Csokorgasse,7,11,327339,
MOTORRADABSTELLPLATZOGD.327340,POINT (16.310750337840894 48.1726294877828),Gaﬂmannstraﬂe,3,12,327340,
MOTORRADABSTELLPLATZOGD.327341,POINT (16.355159613930404 48.21589472903693),Otto-Wagner-Platz,7,9,327341,
MOTORRADABSTELLPLATZOGD.327342,POINT (16.36334372009608 48.20783585703528),Heldenplatz,9,1,327342,
MOTORRADABSTELLPLATZOGD.327343,POINT (16.38934417102715 48.172998587946694),Buchengasse,3,10,327343,
