FID,OBJECTID,SHAPE,ADRESSE,ZEITRAUM,STELLPLATZANZAHL,SE_ANNO_CAD_DATA
TAXIOGD.35,35,"LINESTRING (16.443075284340004 48.24917689551129, 16.44364252397846 48.24896490093715)","22., Am Freihof 2",,7,
TAXIOGD.36,36,"LINESTRING (16.327012886317096 48.23126159561074, 16.327213277117107 48.23122907962403)","18., Herbeckstraße 9",v. 8-18h,2,
TAXIOGD.37,37,"LINESTRING (16.327426775567627 48.23120156783055, 16.327683350154157 48.23116530171223)","18., Herbeckstraße 7",v. 8-18h,2,
TAXIOGD.38,38,"LINESTRING (16.327685224054427 48.23115779482409, 16.32843059554656 48.231050241455144)","18., Herbeckstraße 1-5",,8,
TAXIOGD.39,39,"LINESTRING (16.348311301397032 48.19081110843355, 16.348087897378804 48.19108028290162)","6., Brückengasse 10-14",,2,
TAXIOGD.40,40,"LINESTRING (16.336144102324052 48.275144124746525, 16.336221492292466 48.27526942849844)","19., Am Kahlenberg (bei Kirche)  38",,3,
TAXIOGD.41,41,"LINESTRING (16.32924038800171 48.17429854839445, 16.328746015448264 48.174357908201934)","12., Koppreitergasse 1-3",,7,
TAXIOGD.42,42,"LINESTRING (16.40434393479869 48.214578187870224, 16.404597113345183 48.214444417843865)","2., Südportalstraße (Bereich Messestraße)",,4,
TAXIOGD.43,43,"LINESTRING (16.377499516935057 48.19981661418592, 16.377955601378634 48.19952201179168)","3., Lisztstraße 3",,9,
TAXIOGD.44,44,"LINESTRING (16.329744767497488 48.17818854368187, 16.32947836883217 48.178212043787994)","12., Pohlgasse 2-4",v. 8-19h,4,
TAXIOGD.45,45,"LINESTRING (16.358149919395274 48.181402373408, 16.357514848110426 48.18120178868164)","5., Grünwaldgasse 4",,9,
TAXIOGD.46,46,"LINESTRING (16.37486957004174 48.18127598769321, 16.375114574325373 48.18126814355389)","10., Landgutgasse 20-22",Mo.-Sa. ( w. ) v. 8-21h,3,
TAXIOGD.47,47,"LINESTRING (16.450946402791214 48.25674342070922, 16.45013686385304 48.25699722068665)","22., Rennbahnweg 27",,11,
TAXIOGD.48,48,"LINESTRING (16.455928871726634 48.227778396664206, 16.455722551044854 48.22790615466649)","22., Hausgrundweg 1",,4,
TAXIOGD.49,49,"LINESTRING (16.372510924431154 48.207774488964375, 16.37287493325098 48.20765783710412)","1., Singerstraße 5",,6,
TAXIOGD.50,50,"LINESTRING (16.27502045510456 48.192123639606535, 16.274993675888567 48.19200188327112)","13., Franz-Boos-Gasse 5",,3,
TAXIOGD.51,51,"LINESTRING (16.387588883553335 48.21948258850437, 16.38784426772627 48.21935027541985)","2., Heinestraße 30",,4,
TAXIOGD.52,52,"LINESTRING (16.3662102325639 48.19496620522294, 16.36648305495452 48.19486856612489)","4., Waaggasse 5",v. 7-22h,5,
TAXIOGD.53,53,"LINESTRING (16.366630771990817 48.19480833432978, 16.366780321475712 48.19473986183656, 16.366796938807724 48.19473225364462, 16.36681705405391 48.19472581475413, 16.366844171508227 48.19472112878264, 16.366866914845332 48.19472053700668)","4., Waaggasse 3",,3,
TAXIOGD.54,54,"LINESTRING (16.382172647249522 48.21532856597224, 16.382197450951246 48.2154301900362)","2., Große Mohrengasse ggü. 20",v. 7-20h,2,
TAXIOGD.55,55,"LINESTRING (16.318716672876747 48.19922835352138, 16.318679276638285 48.199237171321194, 16.31863528341484 48.19924231101855, 16.318569293257486 48.199245976969365, 16.31832293578233 48.19925696826702)","15., Schanzstraße 2-4",,6,
TAXIOGD.56,56,"LINESTRING (16.365232618937473 48.158797031278645, 16.36491059809392 48.15878678269541)","10., Sibeliusstraße 3",,4,
TAXIOGD.57,57,"LINESTRING (16.37409317111675 48.19812315185684, 16.374448215055036 48.198252216544766)","4., Gußhausstraße 1-3",,6,
TAXIOGD.58,58,"LINESTRING (16.368462114025483 48.16929171753418, 16.369116979135384 48.169198019345636)","10., Troststraße 45A",,10,
TAXIOGD.59,59,"LINESTRING (16.368283544747143 48.16939066525666, 16.368125616210232 48.16941330606364)","10., Troststraße 47A",v. 7-19h,10,
TAXIOGD.60,60,"LINESTRING (16.41773335913455 48.18579202136175, 16.417705551418976 48.18577218522634, 16.41764513314863 48.18572291046839, 16.417582788779402 48.185668512036976, 16.417532910999423 48.1856224313271, 16.417483026556454 48.18557314901602, 16.417436075139864 48.18552248302409, 16.41738695828966 48.1854652332641)","11., Rosa-Fischer-Gasse (bei Gasometer)",,7,
TAXIOGD.61,61,"LINESTRING (16.363774066810947 48.21894258884934, 16.36371178239955 48.2189559879215, 16.36363254211944 48.218972939954526, 16.363576481944403 48.21898700407799, 16.36350371208399 48.21900575647738, 16.363404261895685 48.21903458302394)","9., Porzellangasse 1-5",,6,
TAXIOGD.62,62,"LINESTRING (16.349211474218663 48.22379139999054, 16.34921916064138 48.22380436836055, 16.349227657368036 48.22382166121941, 16.34924384171688 48.22385651569834, 16.34925921618766 48.2238951541367, 16.34926892811511 48.22392109264443)","9., Währinger Gürtel ggü. 88-94",Ladezone Mo.-Fr. (w.) v.7-16h sowie ausg. Taxi f.d.verbl. Zeitraum,3,
TAXIOGD.63,63,"LINESTRING (16.349409000592356 48.22441844272504, 16.349398211561006 48.22439154321332, 16.349386701507424 48.224360801460065, 16.349373030925733 48.22432189304996, 16.349358640333197 48.224270015472236, 16.34934784594436 48.224228704429876, 16.34933632936879 48.22417250305832, 16.349319055635828 48.22409564620344, 16.34930682164131 48.22404280722517, 16.349289552207697 48.22398228192812, 16.349274444932615 48.22393616902997)","9., Währinger Gürtel ggü. 88-98",,10,
TAXIOGD.64,64,"LINESTRING (16.28323676317325 48.13460034948206, 16.283562275025574 48.134443409380516)","23., Franz-Parsche-Gasse (bei Liesinger Platz)",,6,
TAXIOGD.65,65,"LINESTRING (16.375338956315062 48.20549026547622, 16.375055630221166 48.20534577294681)","1., Seilerstätte 7",v. 18-6h,5,
TAXIOGD.66,66,"LINESTRING (16.31006293914111 48.129384828974395, 16.309980112366464 48.12920407296322)","23., Porschestraße ggü. 25",,4,
TAXIOGD.67,67,"LINESTRING (16.350039394040955 48.22830815067754, 16.350154782632238 48.228292600922074)","18., Canisiusgasse (U-Bahnunterführung)",v. 22-4h,1,
TAXIOGD.136,136,"LINESTRING (16.3664943174575 48.190146620737366, 16.366943448563013 48.18977244652101)","4., Schönburgstraße 1",,6,
TAXIOGD.137,137,"LINESTRING (16.373309440080202 48.194596501979156, 16.37346180244756 48.19431241580778)","4., Argentinierstraße 30A",,6,
TAXIOGD.138,138,"LINESTRING (16.39899652402431 48.25622685050925, 16.399809940054705 48.25590685945097)","21., Franklinstraße (U6 Floridsdorf)",,10,
TAXIOGD.139,139,"LINESTRING (16.46282095993109 48.15455598360889, 16.463035679450858 48.15454915566462)","11., Svetelskystraße 8",,8,
TAXIOGD.140,140,"LINESTRING (16.46270018900001 48.15463475158437, 16.462599754792365 48.15463772543009, 16.462539905665583 48.154645577222176)","11., Svetelskystraße 8",,8,
TAXIOGD.141,141,"LINESTRING (16.403215985269394 48.17490122857816, 16.403434714790528 48.17489014682035)","11., Geiselbergstraße 27",,3,
TAXIOGD.142,142,"LINESTRING (16.4745637314163 48.159090893619634, 16.4742098844199 48.15904129447161)","11., Kaiser-Ebersdorfer-Straße 299",,4,
TAXIOGD.143,143,"LINESTRING (16.417452579236265 48.173334232783226, 16.417311771120282 48.173478217379206)","11., Simmeringer Hauptstraße 119",,3,
TAXIOGD.144,144,"LINESTRING (16.420053263896705 48.16951792024737, 16.420498173297563 48.169801764864275)","11., Simmeringer Platz ggü. 1",,7,
TAXIOGD.145,145,"LINESTRING (16.348314487728658 48.217492715257514, 16.34872397662324 48.21756763335586)","9., Lazarettgasse 14",,6,
TAXIOGD.146,146,"LINESTRING (16.343864206513345 48.21106093523403, 16.34386389624876 48.211475863359446)","8., Albertgasse 29-33",,7,
TAXIOGD.147,147,"LINESTRING (16.34935084605749 48.214892066903744, 16.349389354908617 48.2143381586752)","9., Kochgasse 27-29",,12,
TAXIOGD.148,148,"LINESTRING (16.452083350713483 48.27718830619924, 16.4523896037509 48.27725582364619)","21., Schererstraße 50",,5,
TAXIOGD.149,149,"LINESTRING (16.280741438889972 48.20685503585689, 16.28084492531188 48.20662833268029)","14., Raimannstraße (Bereich Baumgartner Höhe)",,10,
TAXIOGD.150,150,"LINESTRING (16.294855437904545 48.14561549307442, 16.294984111274697 48.14566044030102, 16.29507582976697 48.1456870481666, 16.2951689212168 48.14571090675324, 16.29529624278618 48.145734776283305)","23., Breitenfurter Straße 291-297",,6,
TAXIOGD.151,151,"LINESTRING (16.31790457576183 48.12574876377494, 16.317631205707787 48.12579199044892)","23., Ketzergasse 7-9",,4,
TAXIOGD.152,152,"LINESTRING (16.317500850742576 48.15097974336526, 16.317467569233578 48.15049729977748)","23., Ketzergasse 7-9",,4,
TAXIOGD.153,153,"LINESTRING (16.27251288321281 48.166677601964494, 16.27270384325001 48.16667620436654)","13., Hermesstraße 1",,2,
TAXIOGD.154,154,"LINESTRING (16.291747720301892 48.17525992860566, 16.29150653449104 48.17532895398251, 16.291406371857892 48.17535999235166)","13., Küniglberggasse ggü. 5",,4,
TAXIOGD.155,155,"LINESTRING (16.297109626750213 48.1754978266011, 16.29727631900264 48.175422754641495)","13., Montecuccoliplatz ggü. 1-3",,3,
TAXIOGD.156,156,"LINESTRING (16.284167229970844 48.17548238251384, 16.284153105251413 48.17558553297031, 16.2841425139888 48.17565977066432, 16.284136546322426 48.175784026285484, 16.284131764992548 48.17589186979769)","13., Lainzer Straße 151-153",,7,
TAXIOGD.157,157,"LINESTRING (16.291303904554965 48.161552655960584, 16.2912921116922 48.16135068768423)","13., Atzgersdorfer Straße ggü. 167",,4,
TAXIOGD.158,158,"LINESTRING (16.30086690877105 48.25107447467715, 16.301003316169574 48.2510413935838)","19., Neustift am Walde 79",,6,
TAXIOGD.159,159,"LINESTRING (16.342899269494396 48.25577249631046, 16.343097811154927 48.25578420007628)","19., Sandgasse ggü. 1",v. 8-18h,4,
TAXIOGD.160,160,"LINESTRING (16.338866725306758 48.25728593157495, 16.338783589830392 48.2571504851292)","19., Cobenzlgasse (Bereich Himmelstraße)",,3,
TAXIOGD.161,161,"LINESTRING (16.342330388686747 48.24497623855795, 16.34247766737447 48.245574387483025)","19., Obkirchergasse 38-44",,10,
TAXIOGD.162,162,"LINESTRING (16.34901578561843 48.24358191064435, 16.348961654783448 48.243440528001976, 16.34888400124919 48.243277154154725)","19., Silbergasse 1",,8,
TAXIOGD.163,163,"LINESTRING (16.366599933119854 48.2600527947893, 16.36698408290024 48.26009094646952)","19., Nußdorfer Platz ggü. 2",,6,
TAXIOGD.164,164,"LINESTRING (16.36513642861438 48.249795021919475, 16.36513335714136 48.24978069779346, 16.36500300862453 48.249560738935195, 16.364998401541865 48.24954232220145, 16.36500298725387 48.24952288018663, 16.365016765799858 48.24950548178916, 16.365041272308716 48.249496266666114, 16.365090290458905 48.249483975326214)","19., Boschstraße ggü. 8",,5,
TAXIOGD.165,165,"LINESTRING (16.403920271192852 48.14233571887924, 16.40442831012101 48.142228523643496)","10., Kurbadstraße ggü. 6",,10,
TAXIOGD.166,166,"LINESTRING (16.340241370214116 48.14360923375968, 16.340636790693853 48.14386266611988)","23., Richard-Strauss-Straße 23",,7,
TAXIOGD.167,167,"LINESTRING (16.383073680408433 48.15402201857118, 16.383723644100538 48.15380138332157)","10., Alaudagasse 50",,7,
TAXIOGD.168,168,"LINESTRING (16.383648891860386 48.14948148094937, 16.383623653514682 48.14938891355636, 16.38361310539151 48.14931597800758, 16.383619247974647 48.14915887428298)","10., Ada-Christen-Gasse 9",,7,
TAXIOGD.169,169,"LINESTRING (16.304422595280588 48.2109428571437, 16.304292072978956 48.210558567597886)","16., Montleartstraße ggü. 50-52",,8,
TAXIOGD.68,68,"LINESTRING (16.35002387185157 48.2282345043239, 16.35013753881792 48.228217804796245)","18., Canisiusgasse (U-Bahnunterführung)",v. 22-4h,1,
TAXIOGD.69,69,"LINESTRING (16.420369130731473 48.29822323896844, 16.420319171818246 48.29813051128892)","21., Bahnhofplatz 1",,2,
TAXIOGD.70,70,"LINESTRING (16.301131144749686 48.22823850998254, 16.301530231265932 48.22819805566842)","17., Dornbacher Straße 42-44",,6,
TAXIOGD.71,71,"LINESTRING (16.349308423181043 48.237070008269434, 16.349926849220093 48.23700052630686)","19., Hardtgasse 3-7",,8,
TAXIOGD.72,72,"LINESTRING (16.366987738874357 48.24616640601597, 16.36700072068513 48.246164474622844, 16.367015142305476 48.246161098321004, 16.367028392068395 48.2461569612905, 16.36720127039606 48.246090087852984)","19., Adolf-Raupenstrauch-Gasse (Bereich Muthgasse)",,3,
TAXIOGD.73,73,"LINESTRING (16.379577992534816 48.19131241514557, 16.37949215783285 48.19146500944184)","3., Prinz-Eugen-Straße 27",v. 9-17h,3,
TAXIOGD.74,74,"LINESTRING (16.40159729723233 48.25730706851956, 16.401980305227344 48.25765876642766)","21., Karl-Waldbrunner-Platz",,8,
TAXIOGD.75,75,"LINESTRING (16.302967238184962 48.187678308343514, 16.302684584452457 48.187757794069945, 16.302601930169434 48.18777324736273, 16.302535244947244 48.187783435232284, 16.302475792337543 48.187790401110256, 16.302409237388463 48.18779411720643)","13., Eduard-Klein-Gasse ggü.1",,8,
TAXIOGD.76,76,"LINESTRING (16.310675068617943 48.24127575636285, 16.310503117141803 48.24138691715681)","18., Pötzleinsdorfer Straße ggü. 66-68",,3,
TAXIOGD.77,77,"LINESTRING (16.33449176831393 48.225077130224314, 16.33471493882008 48.225329713530584)","18., Vinzenzgasse 3",,6,
TAXIOGD.78,78,"LINESTRING (16.336189436664828 48.228075020151735, 16.335726944717784 48.228171041845734)","18., Währinger Straße 145",,6,
TAXIOGD.79,79,"LINESTRING (16.364796685490074 48.249826827186276, 16.364715779643593 48.249619612362395)","19., Boschstraße 13",,4,
TAXIOGD.80,80,"LINESTRING (16.435563620288445 48.24206704788312, 16.435217226269895 48.241880879194674)","22., Wagramer Straße 92",,6,
TAXIOGD.81,81,"LINESTRING (16.35525557846941 48.25392029764386, 16.354903065576103 48.253891228437716)","19., Grinzinger Straße 81",,5,
TAXIOGD.82,82,"LINESTRING (16.341923940961795 48.25566521197513, 16.34185583627404 48.25568348042538, 16.341812936150035 48.255699598223224, 16.34177110849531 48.255717505579035, 16.341661712600658 48.25576585788871, 16.341588781367214 48.25579845130377)","19., Himmelstraße 7",,4,
TAXIOGD.83,83,"LINESTRING (16.320539688918828 48.243674750835275, 16.320237971163547 48.24381748228699)","19., Krottenbachstraße 183",,5,
TAXIOGD.84,84,"LINESTRING (16.40033880596484 48.26192560265029, 16.400412981689175 48.26205287412639)","21., Brünner Straße 34-38",,3,
TAXIOGD.85,85,"LINESTRING (16.36791627723473 48.21309217779917, 16.368185483815875 48.21297284782295)","1., Wipplingerstraße 28",v. 7-20h,4,
TAXIOGD.86,86,"LINESTRING (16.35725900800317 48.135587339343786, 16.357159761541883 48.13537200088514)","23., Laxenburger Straße 365",,5,
TAXIOGD.87,87,"LINESTRING (16.363380712387432 48.20613980910933, 16.36358108417931 48.20626002597907)","1., Heldenplatz",(v. 22-9.30h) (v. 1.9.-14.6. v. 9.30-22h),4,
TAXIOGD.88,88,"LINESTRING (16.363784074236033 48.20638125135002, 16.363984447913563 48.20650146751125)","1., Heldenplatz",(v. 22-9.30h) (v. 1.9.-14.6. v. 9.30-22h),4,
TAXIOGD.89,89,"LINESTRING (16.36398734277038 48.20650253587212, 16.36418771739542 48.206622749428035)","1., Heldenplatz",(v. 22-9.30h) (v. 9.30-22h),4,
TAXIOGD.90,90,"LINESTRING (16.364188620602434 48.206622950429384, 16.364388996168785 48.20674316475593)","1., Heldenplatz",(v. 22-9.30h) (v.1.9.-14.6.),4,
TAXIOGD.91,91,"LINESTRING (16.354551934940584 48.232484374626445, 16.35452961107899 48.23244912511179, 16.35450215661506 48.23240803537224, 16.354475610556047 48.23237097328244, 16.35444816009788 48.23233612701564, 16.35442221732248 48.23230611656182, 16.354394467192577 48.23227529925607, 16.354357367755053 48.23223723158973, 16.35431332943631 48.232194532422625, 16.354281962741158 48.23216613369385, 16.3542527049968 48.23213954674018, 16.354216209908905 48.23210651621399, 16.35420866874551 48.23209745232053, 16.35420387487908 48.23208737851295, 16.354201761790712 48.23207851610756, 16.35420447179933 48.23206723378612, 16.35420899143386 48.23205837033338, 16.354216827212845 48.232048900443786, 16.354228884647075 48.23203963223189, 16.354393771472814 48.23191994782455)","19., Döblinger Gürtel ggü. 2",,12,
TAXIOGD.92,92,"LINESTRING (16.35790338726379 48.23310081471916, 16.358161107100383 48.23314186071637)","9., Josef-Holaubek-Platz 1",,3,
TAXIOGD.93,93,"LINESTRING (16.36175292188056 48.22660725263049, 16.36187281695228 48.22628395692912)","9., Nordbergstraße 1-11",,7,
TAXIOGD.94,94,"LINESTRING (16.353371025958182 48.22329908391404, 16.353375320491757 48.22332295784079, 16.353378184990472 48.223341579981295, 16.35337819030902 48.223357338233285, 16.353376769293913 48.22337882533875, 16.35336536758939 48.22347122383582)","9., Fluchtgasse 2",v. 8-20h,3,
TAXIOGD.95,95,"LINESTRING (16.366198872231013 48.20294329282519, 16.36658232309146 48.20285584981799)","1., Opernring 17",,6,
TAXIOGD.96,96,"LINESTRING (16.35674798390917 48.200475753369844, 16.35637151974202 48.20038593921921)","6., Mariahilfer Straße 33",,5,
TAXIOGD.97,97,"LINESTRING (16.352771448113053 48.199623562776154, 16.352655240448268 48.19989476814731)","7., Kirchengasse 1",,6,
TAXIOGD.98,98,"LINESTRING (16.35461594605982 48.20228495661294, 16.354755149765626 48.202055731450606)","7., Stiftgasse 21",,5,
TAXIOGD.99,99,"LINESTRING (16.349112893443944 48.20106392269804, 16.349089397270497 48.201363320959764)","7., Neubaugasse 36",,6,
TAXIOGD.100,100,"LINESTRING (16.40931970854697 48.21169562515237, 16.40869605347276 48.212376403797634)","2., Südportalstraße (Bereich Rotundenplatz)",,17,
TAXIOGD.101,101,"LINESTRING (16.39444668988601 48.22181601111504, 16.394534593960813 48.22174380647496)","2., Joseph-Roth-Gasse (Bereich Walcherstraße)",,2,
TAXIOGD.102,102,"LINESTRING (16.39442695417847 48.22169352648208, 16.394339180443794 48.22176501826684)","2., Joseph-Roth-Gasse (Bereich Walcherstraße)",,2,
TAXIOGD.103,103,"LINESTRING (16.394548100827315 48.22159187147056, 16.39446184805485 48.22166473403275)","2., Joseph-Roth-Gasse (Bereich Walcherstraße)",,2,
TAXIOGD.104,104,"LINESTRING (16.40326943049347 48.223040496269526, 16.40286461474316 48.22335097018212)","2., Vorgartenstraße 191-195",,9,
TAXIOGD.105,105,"LINESTRING (16.4069770070205 48.21776569704556, 16.407919648536094 48.21776257785038)","2., Ausstellungsstraße ggü. 55 ggü. 63",,14,
TAXIOGD.106,106,"LINESTRING (16.34635348440432 48.169470220452844, 16.346062787444694 48.16954473712256)","10., Wienerbergstraße 9",,4,
TAXIOGD.107,107,"LINESTRING (16.34654246069427 48.16941612590017, 16.346877588162556 48.16932011562223)","10., Wienerbergstraße 7",,5,
TAXIOGD.108,108,"LINESTRING (16.35343852254574 48.17589115152714, 16.353950760314493 48.176003615290455)","10., Kundratstraße 3",,8,
TAXIOGD.109,109,"LINESTRING (16.38385778226451 48.214284381361686, 16.383606864387033 48.2141305808453)","2., Praterstraße 26-28",,5,
TAXIOGD.110,110,"LINESTRING (16.38232101695676 48.215645414278285, 16.382380215908665 48.215779151408974)","2., Große Mohrengasse 20-22",v. 7-20h,3,
TAXIOGD.111,111,"LINESTRING (16.37960691901706 48.215649479356756, 16.379971780652138 48.21558084860566)","2., Karmeliterplatz 1",,5,
TAXIOGD.112,112,"LINESTRING (16.38178541196956 48.21892447621596, 16.381940943535586 48.21891152142366)","2., Blumauergasse 1B",,2,
TAXIOGD.113,113,"LINESTRING (16.38901392541647 48.21700701833733, 16.38932583550397 48.21716534613516)","2., Praterstraße 70",,5,
TAXIOGD.114,114,"LINESTRING (16.389805489121393 48.217408558809126, 16.39003389495454 48.217524216281284)","2., Praterstraße 76-78",,4,
TAXIOGD.115,115,"LINESTRING (16.343574637322543 48.187436990395604, 16.3440501533538 48.187558023759955)","5., Schönbrunner Straße ggü. 145-149",,6,
TAXIOGD.116,116,"LINESTRING (16.361369776590724 48.19359170483686, 16.36119704199568 48.193373165265534)","5., Margaretenstraße 60-62",,5,
TAXIOGD.117,117,"LINESTRING (16.43144597006687 48.25349965392231, 16.431353865049903 48.253343372763716)","21., Josef-Baumann-Gasse 8",,3,
TAXIOGD.118,118,"LINESTRING (16.33458563335041 48.23692505322717, 16.334587013822652 48.236726010500085)","18., Dänenstraße 2A",,4,
TAXIOGD.119,119,"LINESTRING (16.342281315495978 48.22651536551952, 16.34222595643563 48.22611137491235)","18., Martinstraße 96-98",,7,
TAXIOGD.120,120,"LINESTRING (16.342224045857996 48.22610245381121, 16.34218395560948 48.22578639734961)","18., Martinstraße 96-98",von 6-21h,6,
TAXIOGD.121,121,"LINESTRING (16.352384645333988 48.186205433027204, 16.352900358320507 48.18638194817872)","5., Arbeitergasse 19",,8,
TAXIOGD.122,122,"LINESTRING (16.350517159811723 48.20934756539748, 16.350579904550337 48.20910576022608)","8., Piaristengasse 35-37",,5,
TAXIOGD.123,123,"LINESTRING (16.34944876509494 48.20634414441349, 16.349798896074287 48.20632662258592)","7., Lerchenfelder Straße 41-43",,5,
TAXIOGD.124,124,"LINESTRING (16.317504962450993 48.185408366933174, 16.317051534982426 48.18557038655102)","13., Schönbrunner Schloßstraße (Schloß Schönbrunn)",v. 20-4h,6,
TAXIOGD.125,125,"LINESTRING (16.313122881538376 48.18761054444861, 16.31293509100848 48.187257030974706)","13., Schönbrunner Schloßbrücke",,8,
TAXIOGD.126,126,"LINESTRING (16.400555943516515 48.26768357356499, 16.400296995046247 48.26773063657336)","21., Karl-Schäfer-Straße 1",,4,
TAXIOGD.127,127,"LINESTRING (16.408293302619455 48.27626916736351, 16.40811624058475 48.2759340111525)","21., Brünenr Straße 131-133",,7,
TAXIOGD.128,128,"LINESTRING (16.408110713220516 48.275901382132965, 16.408066082028427 48.275816530111335)","21., Brünner Straße 129",,2,
TAXIOGD.129,129,"LINESTRING (16.395627104147366 48.256080733793794, 16.395867911838806 48.25597291525339)","21., Wolfsschanzengasse 16",,4,
TAXIOGD.130,130,"LINESTRING (16.44198722507986 48.15429053116262, 16.44209036964452 48.15439435208677, 16.442228399587677 48.15433803701166, 16.44228433337648 48.154316236249116)","11., Simmeringer Hauptstraße 236",,6,
TAXIOGD.131,131,"LINESTRING (16.354583086268093 48.19202375071007, 16.35483385889605 48.19248352906468)","5., Rechte Wienzeile 91-97",,9,
TAXIOGD.132,132,"LINESTRING (16.358997162193297 48.19716474933119, 16.359186395443476 48.19673411836718)","5., Kettenbrücke (Naschmarkt)",,8,
TAXIOGD.133,133,"LINESTRING (16.415935356314744 48.23291407791319, 16.415575196764404 48.23272010837322)","22., Platz-der-Vereinten-Nationen ggü. 2",,5,
TAXIOGD.134,134,"LINESTRING (16.368150010595585 48.21017806321896, 16.368305335360958 48.21009211020497, 16.36840656494212 48.21003370706747, 16.368498689088604 48.20997852933927, 16.368560277396405 48.209934104770184, 16.36860793572969 48.20989111515208, 16.368637385591466 48.2098603085587)","1., Bognergasse 1-5",,10,
TAXIOGD.135,135,"LINESTRING (16.3646484243428 48.19954368605638, 16.365033100561188 48.19975508708567)","6., Linke Wienzeile 4",,7,
TAXIOGD.1,1,"LINESTRING (16.48414601729984 48.239157877962974, 16.48428803499524 48.23892437153532)","22., Zanggasse (Bereich Quadenstraße)",,5,
TAXIOGD.2,2,"LINESTRING (16.464095996923295 48.21911321187039, 16.46400970031052 48.2191440926632)","22., Langobardenstraße (Parkplatz SMZ-Ost)",,1,
TAXIOGD.3,3,"LINESTRING (16.46323563367008 48.21942413300924, 16.463647173944018 48.219277422361905)","22., Langobardenstraße (Parkplatz SMZ-Ost)",,6,
TAXIOGD.4,4,"LINESTRING (16.446731159080887 48.23376329792167, 16.446633798938496 48.23337774220493)","22., Siebenbürgerstraße 1",,8,
TAXIOGD.5,5,"LINESTRING (16.34204899123709 48.19615010867834, 16.342335256075206 48.19589791742342)","6., Stumpergasse 62-64",,6,
TAXIOGD.6,6,"LINESTRING (16.46651352606439 48.19356909356431, 16.466386431231747 48.193654360630475)","22., Raffineriestraße ggü. Biberhaufenweg",v.1.5.-30.9.,4,
TAXIOGD.7,7,"LINESTRING (16.48724872720107 48.217433138015295, 16.487573061972938 48.21738495395233)","22., Siegesplatz 12",,4,
TAXIOGD.8,8,"LINESTRING (16.335825920125707 48.17532498206965, 16.335842947652885 48.175289905137504, 16.335850563019406 48.17528353794519, 16.335861985206353 48.17527908181986, 16.33587436035034 48.17527717190279, 16.335888638063636 48.175276534529, 16.335905771315097 48.17527717194727, 16.336762733545413 48.175426988045686)","12., Eichenstraße 25",,11,
TAXIOGD.9,9,"LINESTRING (16.332571475561362 48.174888530888424, 16.332876133369794 48.17495157100754)","12., Eichenstraße 70",,4,
TAXIOGD.10,10,"LINESTRING (16.338900997401158 48.18139316195158, 16.339230842464637 48.18101162608724)","12., Längenfeldgasse ggü. 22-24",,9,
TAXIOGD.11,11,"LINESTRING (16.335244037670382 48.184626932515634, 16.33552626550594 48.18473831173687)","12., Schönbrunner Straße ggü. 209-211",,4,
TAXIOGD.12,12,"LINESTRING (16.327352592411927 48.18315235062717, 16.32823511716811 48.18323979773983)","12., Schönbrunner Straße 222-228",,10,
TAXIOGD.13,13,"LINESTRING (16.37120762749561 48.22925263499255, 16.371208690898364 48.229240457950304, 16.371206004076264 48.229230788893666, 16.371059421693158 48.22885945722451)","20., Jägerstraße 26-30",,9,
TAXIOGD.14,14,"LINESTRING (16.367176006213104 48.23590936841253, 16.36666619793819 48.235901984780334)","20., Wexstraße 20",,7,
TAXIOGD.15,15,"LINESTRING (16.37715364281574 48.24001137825676, 16.377278756782847 48.24025843986346)","20., Höchstädtplatz 1",,5,
TAXIOGD.16,16,"LINESTRING (16.38551571757386 48.23987152096573, 16.385766733167333 48.23999031084336)","20., Hellwagstraße 27",v. 20-6h,4,
TAXIOGD.17,17,"LINESTRING (16.385781215182643 48.239996750404714, 16.386140041073585 48.24016670414808)","20., Hellwagstraße 27",,6,
TAXIOGD.18,18,"LINESTRING (16.38397375986981 48.23735601999843, 16.38446118495228 48.23691818641033)","20., Leystraße 84",,12,
TAXIOGD.19,19,"LINESTRING (16.383912724095094 48.23318589287253, 16.384198197837293 48.232934369382576)","20., Dresdner Straße 87",,7,
TAXIOGD.20,20,"LINESTRING (16.398574266456123 48.22950689030034, 16.398355531399055 48.22938573873764)","2., Friedrich-Hillegeist-Straße 4",Mo.-Fr. (w.) v. 7.30-16h,3,
TAXIOGD.21,21,"LINESTRING (16.388435433882556 48.174087008163404, 16.38771308934054 48.17421100884185)","10., Quellenstraße ggü. 55",,11,
TAXIOGD.22,22,"LINESTRING (16.397626389473725 48.16825076306739, 16.397562753094533 48.16829748329449)","10., Laaer Wald","v. 1.4.-31.10., v. 9-21h",2,
TAXIOGD.23,23,"LINESTRING (16.377347668719747 48.17371476017858, 16.377160312694414 48.173350799300216)","10., Reumannplatz 11-12",,8,
TAXIOGD.24,24,"LINESTRING (16.377115176114536 48.173261300173564, 16.37715943877485 48.17334662113235)","10., Reumannplatz 10",Mo.-Fr. (w.) v. 10.30-6h,2,
TAXIOGD.25,25,"LINESTRING (16.38077975707144 48.16869838036494, 16.38094388690908 48.168800448106516, 16.380951300830706 48.16880375022633, 16.380960689298764 48.1688050685651, 16.380973041842527 48.16880407223408, 16.38098983730649 48.16880076065424, 16.380999226589143 48.1688010874849, 16.381008615635633 48.168803066822576, 16.381159372515448 48.16886845156549)","10., Klausenburger Straße 24-26",,6,
TAXIOGD.26,26,"LINESTRING (16.373848557731005 48.17665132126373, 16.37444697443838 48.17661179107576)","10., Pernerstorfergasse 36-38",,8,
TAXIOGD.27,27,"LINESTRING (16.36563366979039 48.175875156919226, 16.365592004399222 48.17560325850645)","10., Neilreichgasse 27-29",,5,
TAXIOGD.28,28,"LINESTRING (16.33533442820463 48.20894202440455, 16.335215910929136 48.20859337615047)","16., Brunnengasse 33-35",,6,
TAXIOGD.29,29,"LINESTRING (16.33867538842662 48.20205965332244, 16.338707923872004 48.2018633088234)","7., Urban-Loritz-Platz 6 ggü.",,4,
TAXIOGD.30,30,"LINESTRING (16.335523869740136 48.20407162168749, 16.334924378290737 48.204044758105645)","15., Gablenzgasse 5-7",,7,
TAXIOGD.31,31,"LINESTRING (16.32996964409544 48.204537870988446, 16.32959957061965 48.20459452472913)","15., Gablenzgasse 21-23",,5,
TAXIOGD.32,32,"LINESTRING (16.35469630609195 48.20907664224484, 16.35476309124187 48.208891635023186)","8., Auerspergstraße 17-21",,4,
TAXIOGD.33,33,"LINESTRING (16.3575198910767 48.20568241755646, 16.357891007787664 48.20590263112563)","1., Volksgartenstraße 3-5",v. 20-5h,7,
TAXIOGD.34,34,"LINESTRING (16.34221164494378 48.21700332305025, 16.342054106620402 48.216706966178656)","9., Hernalser Gürtel ggü. 32",,7,
TAXIOGD.271,271,"LINESTRING (16.36940386422847 48.204864437719145, 16.369237266173815 48.20467955012399)","1., Tegetthoffstraße ggü. 7",v.8-19h,4,
TAXIOGD.272,272,"LINESTRING (16.377358747098615 48.20447090313938, 16.377141812844137 48.20425860798101)","1., Parkring 14",,5,
TAXIOGD.273,273,"LINESTRING (16.43951031799843 48.19272491009056, 16.439465874610256 48.19276994869159)","2., Lusthaus  Aspernallee",,1,
TAXIOGD.274,274,"LINESTRING (16.373970313155922 48.21280029165357, 16.374027934521948 48.212881559648885)","1., Morzinplatz 3",,2,
TAXIOGD.275,275,"LINESTRING (16.327473195655827 48.21020596602551, 16.327943931775604 48.21013294863209)","16., Richard-Wagner-Platz ggü. 17 ggü. 18",,7,
TAXIOGD.276,276,"LINESTRING (16.31237149588861 48.21251447890809, 16.312772391152414 48.21245056650173)","16., Thaliastraße ggü. 140 ggü. 138",,6,
TAXIOGD.277,277,"LINESTRING (16.37359457732325 48.20114904663239, 16.373466263257775 48.20089431480711)","1., Canovagasse 1",,6,
TAXIOGD.278,278,"LINESTRING (16.38960519791555 48.2173033052439, 16.389757504186036 48.217383087865485)","2., Praterstraße 74 76","Mo.-Fr. (w.) v. 16-7h, Sa., So. u. Feiertag v. 0-24h ausgen. Taxi",3,
TAXIOGD.279,279,"LINESTRING (16.366583074699964 48.20285572146548, 16.36694397086411 48.20277466840008)","1., Opernring 17",v. 6-22h,6,
TAXIOGD.280,280,"LINESTRING (16.3677873270674 48.20247386955689, 16.367710418268896 48.20232037370007)","1., Operngasse 10",,8,
TAXIOGD.281,281,"LINESTRING (16.367709650908356 48.202319482461796, 16.367595914978846 48.20209383083316)","1., Operngasse 10",v. 6-22h,8,
TAXIOGD.282,282,"LINESTRING (16.36701249789099 48.20737494922253, 16.367165753068644 48.20712602387942)","1., Reitschulgasse 1",,,
TAXIOGD.283,283,"LINESTRING (16.473128046757115 48.222786792005905, 16.47345717862938 48.22266795588804)","22., Erzherzog-Karl-Straße 203",,4,
TAXIOGD.284,284,"LINESTRING (16.415799814081147 48.23192011193176, 16.41548622624037 48.23215501399674)","22., Platz-der-Vereinten-Nationen Wagramer Straße",,,
TAXIOGD.285,285,"LINESTRING (16.34865452610114 48.154136816001895, 16.348508262408497 48.154183846468115)","10., Otto-Probst-Straße 15",v. 7-18h,2,
TAXIOGD.286,286,"LINESTRING (16.381639362287295 48.16630942659383, 16.381703207642545 48.16615328417642)","10., Favoritenstraße Schleiergasse  183",,3,
TAXIOGD.287,287,"LINESTRING (16.283262163551537 48.134623694251225, 16.283587677153516 48.13446675407918)","23., Franz-Parsche-Gasse (bei Liesinger Platz)",,6,
TAXIOGD.288,288,"LINESTRING (16.336177196513276 48.18808412808959, 16.336346430294903 48.18814243524918)","15., Graumanngasse 16",,,
TAXIOGD.289,289,"LINESTRING (16.373993169738895 48.20132552513, 16.373740706892697 48.20126115624156)","1., Kärntner Ring Nebenfahrbahn Canovagasse Schwarzenbergplatz 18",,,
TAXIOGD.290,290,"LINESTRING (16.373486150051402 48.20130147605798, 16.373358591696928 48.201330013562206)","1., Kärntner Ring Nebenfahrbahn ggü. Canovagasse",,,
TAXIOGD.291,291,"LINESTRING (16.353401709495998 48.22299115820581, 16.353371255872865 48.22324756210374, 16.353369693368553 48.22325855084839, 16.353369697958282 48.22327215636463, 16.353369702723956 48.22328628348371, 16.353372840091993 48.22330093398203, 16.35337754491155 48.22331924782985, 16.35337990037135 48.223334945023936)","9., Nußdorfer Straße ggü. 5-7",,7,
TAXIOGD.292,292,"LINESTRING (16.336247315399554 48.19701630289235, 16.33686838252352 48.19715845446073)","15., Felberstraße (Nebenfahrbahn)",,8,
TAXIOGD.293,293,"LINESTRING (16.33812512259125 48.19712361252094, 16.338156424444 48.1971304726354, 16.338180156265544 48.19713195944805, 16.338202425199643 48.197132463776704, 16.33822548767726 48.19713075013942, 16.33824527468741 48.197128274386856, 16.33826235792547 48.197125228739196, 16.338283286497152 48.19711980319033)","15., Europaplatz",,,
TAXIOGD.294,294,"LINESTRING (16.338093954730837 48.19676489589962, 16.338129398621163 48.19666966857009)","15., Europaplatz",,2,
TAXIOGD.295,295,"LINESTRING (16.338186480289153 48.196528390047334, 16.338196354744 48.19651661102591, 16.338208499131035 48.19650550869901, 16.33822388865628 48.19649478402374, 16.338239093262008 48.19648505309801, 16.33825689231617 48.196476128135636, 16.338278585611764 48.19646943340767, 16.33830398808879 48.196462551994166, 16.338330687078873 48.19645908121873, 16.338354420165746 48.19645808924606, 16.338378894844176 48.19645908025307, 16.33840262808891 48.196461559643915, 16.338427102953222 48.19646651663989, 16.338447870400334 48.19647345895585, 16.338464928679734 48.19648089597174, 16.338488637204904 48.196493654567696)","15., Europaplatz",,4,
TAXIOGD.296,296,"LINESTRING (16.338287857361664 48.196943312781684, 16.33838054676348 48.19669876461269)","15., Europaplatz",,5,
TAXIOGD.297,297,"LINESTRING (16.36080297272695 48.20975068383058, 16.36077955022368 48.20975538555622, 16.36076430489648 48.20976016645829, 16.360742015129127 48.20977365538853, 16.36072715780038 48.209791399863434, 16.360719206007353 48.20981588548758, 16.36071365189012 48.20985305996596, 16.360710873400773 48.209873928099114, 16.360706236511213 48.20992292728017)","1., Universitätsring  2",v. 21.30-24h,,
TAXIOGD.298,298,"LINESTRING (16.379516309701522 48.212510093138086, 16.379656695971427 48.212490272990316, 16.3799210653876 48.21245784983899, 16.380090742868123 48.21243873968244)","2., Untere Donaustraße Taborstraße",,,
TAXIOGD.299,299,"LINESTRING (16.414662134014417 48.19085544608832, 16.415020128422714 48.19063676140258)","3., Erdbergstraße",,,
TAXIOGD.300,300,"LINESTRING (16.352276619732734 48.186089469617514, 16.352384238536423 48.185951518743174)","5., Kohlgasse 35",Mo.-Fr. (w.) v.8-20h,,
TAXIOGD.301,301,"LINESTRING (16.368793721651137 48.20434795475444, 16.3686930775075 48.204144876824635, 16.36866886215543 48.20410344872844, 16.368643894021194 48.20406555853382, 16.368620439657697 48.20403069973175)","1., Albertinaplatz Augustinerstraße Hanuschgasse",v.8-19h (ausgen. Omnibusse zum Aus- und Einsteigen) sowie v. 19-8h (ausgen. Taxi),6,
TAXIOGD.302,302,"LINESTRING (16.352326794802906 48.231042070964165, 16.351907987022877 48.23087697381961)","9., Währinger Gürtel 160","v. 22-7h, ausg. Taxi, sowie Mo.- Fr. v. 7-22h (Ladezone)",7,
TAXIOGD.303,303,"LINESTRING (16.361889584859604 48.226650700498126, 16.361946948181124 48.22649432484855)","9., Nordbergstraße ggü. 4-6",,4,
TAXIOGD.304,304,"LINESTRING (16.410892230082688 48.178481053892554, 16.411305923393947 48.178723694176824)","11., Rautenstrauchgasse 1-3",,6,
TAXIOGD.305,305,"LINESTRING (16.342563550016774 48.255737606843674, 16.342636092915775 48.25574077277989)","19., Cobenzlgasse 2",Mo.-Sa.(w.)v.8-12h,1,
TAXIOGD.306,306,"LINESTRING (16.367870338658584 48.216231492644205, 16.368069898199362 48.216323239464344)","1., Schottenring ggü. 20-24",,3,
TAXIOGD.307,307,"LINESTRING (16.44798202226706 48.270079157396005, 16.447994804758753 48.26997688237518, 16.44799764994059 48.26995661931671, 16.447995377934486 48.26990934939466)","21., Kürschnergasse Dopschstraße",,,
TAXIOGD.308,308,"LINESTRING (16.43860458339538 48.26917730922375, 16.438074709270374 48.269112054605856)","21., Dopschstraße 8",,,
TAXIOGD.309,309,"LINESTRING (16.334590422771907 48.214497909926294, 16.33478511705882 48.214533488080185)","16., Ottakringer Straße 37",Mo.-Fr. (w.) v. 11-17h,,
TAXIOGD.310,310,"LINESTRING (16.362884319779322 48.204233681756264, 16.3629383408308 48.204193587641335)","1., Burgring 5",Mo.- Fr.(w.) v. 9-18h ,1,
TAXIOGD.311,311,"LINESTRING (16.367306329211804 48.20742909071469, 16.367180945182902 48.20739647724704)","1., Habsburgergasse 11",,2,
TAXIOGD.312,312,"LINESTRING (16.370533956699944 48.20584711302965, 16.37047948294879 48.20571486664325, 16.37053040931865 48.20573341330733, 16.37063819088683 48.205986308522355)","1., Neuer Markt",,8,
TAXIOGD.313,313,"LINESTRING (16.359520880981748 48.206107707457065, 16.35975272425546 48.20624680575241)","1., Bellariastraße ggü. 2-4",,4,
TAXIOGD.314,314,"LINESTRING (16.317689789999505 48.192539670557856, 16.317610874974147 48.19251792810216, 16.317495340078175 48.19248200752502, 16.31739270003564 48.19245736415211, 16.317346775979285 48.192447744080305, 16.317242298891266 48.19243104801626)","15., Felberstraße 120-122",,6,
TAXIOGD.315,315,"LINESTRING (16.386534682165717 48.16733082545351, 16.38647914708044 48.16717216295684)","10., Absberggasse 53",von 6-20h,3,
TAXIOGD.316,316,"LINESTRING (16.38307742516372 48.20655416654075, 16.383386698581333 48.20646579179518)","3., Landstraßer Hauptstraße 1",,,
TAXIOGD.317,317,"LINESTRING (16.393650188294583 48.20745806032001, 16.393705143926542 48.2073759722679)","3., Löwengasse 41-43",v. 9-19h,2,
TAXIOGD.318,318,"LINESTRING (16.359255588357232 48.19726827882612, 16.359596475324484 48.197335477486256)","6., Linke Wienzeile  Kettenbrücke ggü.38-40",Sa. v. 5-18h,5,
TAXIOGD.319,319,"LINESTRING (16.358818944112972 48.19657784952143, 16.359077803803324 48.1966393620086, 16.359134167547346 48.19666015421459)","5., Rechte Wienzeile  Kettenbrücke ggü.41-43",Sa. v. 5-18h,5,
TAXIOGD.320,320,"LINESTRING (16.40541649355228 48.215384733088115, 16.40562865808185 48.21527407662564)","2., Welthandelsplatz  Messestraße",,,
TAXIOGD.321,321,"LINESTRING (16.34468210183113 48.19677980771737, 16.34452923462651 48.196745152572824)","6., Mariahilfer Straße 107",,2,
TAXIOGD.322,322,"LINESTRING (16.34486632546367 48.1968204834509, 16.344789891712793 48.19680315490251)","6., Mariahilfer Straße 107",,1,
TAXIOGD.323,323,"LINESTRING (16.345187336378576 48.19689722655003, 16.345086740230524 48.19686984797321, 16.34496007855745 48.196841385402664)","6., Mariahilfer Straße 107",,3,
TAXIOGD.324,324,"LINESTRING (16.37801258805194 48.20503824859484, 16.378474407575908 48.20549004382859)","1., Parkring ggü. 12",,9,
TAXIOGD.325,325,"LINESTRING (16.33894468678065 48.25733832905925, 16.339077952295856 48.25728563730239)","19., Cobenzlgasse 32",v. 17-5h,2,
TAXIOGD.326,326,"LINESTRING (16.33445194191516 48.201262614929334, 16.334803583582026 48.20131903804925)","15., Hütteldorfer Straße",,5,
TAXIOGD.327,327,"LINESTRING (16.386772662252017 48.20337390927883, 16.386815167549944 48.20333497363497, 16.386840251174952 48.20331148809556, 16.386886954477852 48.203263109974145)","3., Ungargasse 9 11",,3,
TAXIOGD.328,328,"LINESTRING (16.334204546207214 48.171234924248, 16.333970606958808 48.17127187907188, 16.33370022597054 48.171297822711395)","12., Wienerbergstraße 41",ausgen. Taxi,,
TAXIOGD.329,329,"LINESTRING (16.325627306284574 48.197610468289454, 16.325974476160038 48.19770853404978)","15., Märzstraße 66 68",,5,
TAXIOGD.330,330,"LINESTRING (16.338612734884048 48.21179426744304, 16.33861220202575 48.211800453632705, 16.33860935324223 48.21180806753982, 16.33860009831032 48.21182103589853, 16.33859778420775 48.21182531894763, 16.338599030790085 48.21183102958382, 16.338648343213773 48.21193774707151, 16.33867469128046 48.21198652430944, 16.33870459863295 48.212040894087096, 16.338706734840155 48.21204410684811, 16.338710650502946 48.21204696208942, 16.33871741533655 48.21204969810501, 16.338737173345724 48.212058621119056, 16.338743225121856 48.212062784815686)","16., Lerchenfelder Gürtel Hauptfahrbahn  57",,5,
TAXIOGD.331,331,"LINESTRING (16.388577729234683 48.199118368563624, 16.388039740316476 48.19911172319641)","3., Neulinggasse 22-26",,8,
TAXIOGD.332,332,"LINESTRING (16.350482694534293 48.197896972046024, 16.350648403662156 48.19769448399088)","6., Amerlingstraße Chwallagasse  8 10",,,
TAXIOGD.333,333,"LINESTRING (16.385454317030124 48.207716423945065, 16.38579024830208 48.207602463688154)","3., Marxergasse 4A",,5,
TAXIOGD.334,334,"LINESTRING (16.367673394403642 48.2106611141081, 16.367555444293423 48.210726792157025, 16.36754259090564 48.21073700180573, 16.36752050447201 48.21076171884469, 16.367505239581252 48.21077246649129, 16.367270039714988 48.2109097697893)","1., Am Hof ggü. 3-4",,7,
TAXIOGD.335,335,"LINESTRING (16.393182222128566 48.21853673916246, 16.39323414751335 48.21822669659312)","2., Praterstern Seitenfahrbahn",,6,
TAXIOGD.336,336,"LINESTRING (16.37379871154833 48.18699153015182, 16.373807401789623 48.18696491189168, 16.37382854917163 48.186904243491, 16.37384507428824 48.18684695355606, 16.373858773462715 48.18679425782996, 16.373875029388373 48.18672077457782)","4., Südtiroler Platz 7",,6,
TAXIOGD.337,337,"LINESTRING (16.282673499766958 48.18709103947621, 16.28206874874517 48.18723683605194)","13., Kupelwiesergasse 51-55",,7,
TAXIOGD.338,338,"LINESTRING (16.366946368079816 48.18977125526083, 16.36730840587509 48.189469157661456)","4., Schönburgstraße 1",v. 8-18h,7,
TAXIOGD.339,339,"LINESTRING (16.384617881874156 48.15123705506712, 16.384706738165338 48.15138761760894)","10., Ada-Christen-Gasse 3",von 7-19h,,
TAXIOGD.170,170,"LINESTRING (16.30426057408276 48.210453832260434, 16.304189681728772 48.210255658165444)","16., Montleartstraße ggü. 48",v. 6-20h,4,
TAXIOGD.171,171,"LINESTRING (16.29493271213727 48.197540059443064, 16.29485037374013 48.1973592049291)","14., Lützowgasse 15",,10,
TAXIOGD.172,172,"LINESTRING (16.355258026611075 48.21484975308871, 16.355842355796344 48.21482139745797)","9., Frankhplatz ggü. 3",,8,
TAXIOGD.173,173,"LINESTRING (16.358293024322716 48.2114632260686, 16.357862669942175 48.21152084008675)","1., Felderstraße 1A",,8,
TAXIOGD.174,174,"LINESTRING (16.359656282295756 48.21601129075233, 16.359979338619898 48.2162344657933)","9., Rooseveltplatz ggü. 15",,6,
TAXIOGD.175,175,"LINESTRING (16.359520954858194 48.21590908753105, 16.35960719580922 48.21597645680275)","9., Rooseveltplatz ggü. 15",,2,
TAXIOGD.176,176,"LINESTRING (16.363490027802666 48.21459865881075, 16.363311799263084 48.21451659246842)","1., Schottenring ggü. 5",,3,
TAXIOGD.177,177,"LINESTRING (16.39093661181854 48.202962408941694, 16.39106141545874 48.203069358082544)","3., Rasumofskygasse 34",,3,
TAXIOGD.178,178,"LINESTRING (16.391068163865626 48.2030772396286, 16.391196340938585 48.20318531340292)","3., Rasumofskygasse 32-34",v. 8-19h,3,
TAXIOGD.179,179,"LINESTRING (16.4077822590033 48.193765355011216, 16.408119973964446 48.19353815766794)","3., Markhofgasse ggü. 10-12",,5,
TAXIOGD.180,180,"LINESTRING (16.40948989999521 48.19670976727809, 16.40948985934841 48.19668132519849, 16.409512511806533 48.19665571159434, 16.40959322045432 48.19657033142774, 16.409731983681656 48.19642328701034, 16.409746147013742 48.19641095275684, 16.409768826428213 48.19640430236196)","3., Ludwig-Koeßler-Platz 4",,6,
TAXIOGD.181,181,"LINESTRING (16.394893261449063 48.205372980279066, 16.395386802204662 48.205164210701945)","3., Marxergasse 35-37",,9,
TAXIOGD.182,182,"LINESTRING (16.322251229711306 48.22135215449471, 16.322794085599043 48.221152092529714)","17., Hernalser Hauptstraße 130-132",,8,
TAXIOGD.183,183,"LINESTRING (16.315193316151593 48.223124548815974, 16.31504451828691 48.22307045488596)","17., Heigerleinstraße 43",,2,
TAXIOGD.184,184,"LINESTRING (16.308258406790326 48.22629679621062, 16.30785772218004 48.2264470236368)","17., Hernalser Hauptstraße 230",,5,
TAXIOGD.185,185,"LINESTRING (16.332411747399032 48.2184038760637, 16.332506845711087 48.218685541459195)","17., Kalvarienberggasse 29-33",,9,
TAXIOGD.186,186,"LINESTRING (16.390306198164 48.19652617261443, 16.39040058744746 48.1964496049285, 16.390431455290457 48.19643258532259, 16.390475035757113 48.19641191632243, 16.39052407336072 48.19639853258122, 16.390789279317595 48.19635953802228)","3., Juchgasse 25",,6,
TAXIOGD.187,187,"LINESTRING (16.38612131701128 48.19343987689543, 16.38607053713913 48.19319369776693)","3., Fasangasse 10-14",,6,
TAXIOGD.188,188,"LINESTRING (16.30146556591152 48.18579550746517, 16.301719191366995 48.185762678451454)","13., Am Platz ggü. 2-3",,4,
TAXIOGD.189,189,"LINESTRING (16.301512768886596 48.18596004685758, 16.301512773988684 48.185952453215485, 16.301516564855582 48.185944860710755, 16.301486311862135 48.185903088264176, 16.301442813000197 48.185857514438304)","13., Am Platz ggü. 6",,2,
TAXIOGD.190,190,"LINESTRING (16.428544622725 48.16188673191633, 16.428546446882606 48.16186301524617, 16.42845301713319 48.1617819577742, 16.42843432572831 48.16176324997331)","11., Weißenböckstraße ggü. 2",,3,
TAXIOGD.191,191,"LINESTRING (16.37597847587848 48.21152867664241, 16.376127453465905 48.21168963968095)","1., Rotenturmstraße 24",v. 20-5h,5,
TAXIOGD.192,192,"LINESTRING (16.376045216366535 48.21171977745632, 16.3757198067122 48.21134942434504)","1., Rotenturmstraße 27-29",,10,
TAXIOGD.193,193,"LINESTRING (16.27906455165827 48.169037949456225, 16.278893301476337 48.168967409143654, 16.27884832319395 48.1690030843086, 16.279002724345396 48.16907079807038)","13., Wolkersbergenstraße 1",,12,
TAXIOGD.194,194,"LINESTRING (16.268026506533722 48.150748632880386, 16.267986779081763 48.150761895790886, 16.267948571892727 48.15078027001304, 16.267898134447673 48.15080783483609, 16.267861450178344 48.15082927551243, 16.267820182024522 48.15085275830027)","23., Maurer Hauptplatz 7",,4,
TAXIOGD.195,195,"LINESTRING (16.267708618165873 48.150904815875315, 16.26782171178157 48.15085071548821)","23., Maurer Hauptplatz 7",Ladezone Mo.-Fr.(w.)v.6-12h sowie ausg. Taxi f.d.verbl.Zeitraum,3,
TAXIOGD.196,196,"LINESTRING (16.26762153269943 48.150926227619095, 16.267528316869857 48.15096296466736)","23., Maurer Hauptplatz 9",Mo.-Fr. (w.) v. 8-19h,2,
TAXIOGD.197,197,"LINESTRING (16.343673333346135 48.219760800542076, 16.34367811950937 48.219774651937634, 16.343713198775447 48.21979169838607, 16.343875884869078 48.220130521540476)","9., Währinger Gürtel (AKH)  18-20",,8,
TAXIOGD.198,198,"LINESTRING (16.34388066862685 48.2201390456047, 16.34396360556514 48.22030313021482, 16.343984340458814 48.22034788098845, 16.344006668954265 48.22038517182325, 16.344027402097666 48.2204182011315, 16.34411351987356 48.220521551238704, 16.344185281886844 48.220591870428436, 16.344212390586627 48.220602523150774, 16.34424268537222 48.220602520996295, 16.344269790019624 48.22059825742937, 16.344295299734835 48.220582272513695, 16.3443080490487 48.220550305420005, 16.344308041680485 48.22050448865458, 16.34430481297504 48.220249830757766)","9., Währinger Gürtel (AKH)  18-20",,18,
TAXIOGD.199,199,"LINESTRING (16.369628748719222 48.20929623441807, 16.36961849010517 48.20930996324762, 16.369605342495998 48.20932945304823, 16.36960312393433 48.209362582305275, 16.369604853226527 48.20938888908657, 16.369611712494084 48.209410619092466, 16.36962712502648 48.20942891570397, 16.369654521783765 48.20945407172799, 16.36989760985151 48.20959239976466)","1., Petersplatz ggü. 6-7",,6,
TAXIOGD.200,200,"LINESTRING (16.372376398534623 48.21126781461399, 16.372569913014093 48.21117859724701)","1., Hoher Markt 8-9",,10,
TAXIOGD.201,201,"LINESTRING (16.372956471460064 48.209166064511265, 16.373425253503108 48.209569732503724)","1., Rotenturmstraße 2",,12,
TAXIOGD.202,202,"LINESTRING (16.378527939774333 48.211367747480395, 16.378388416399222 48.211143705949894)","1., Laurenzerberg 5",,3,
TAXIOGD.203,203,"LINESTRING (16.40814740210885 48.22943712782416, 16.40817264088 48.22940219386456, 16.408187767662536 48.22936951902654, 16.408180965680014 48.229327845690314, 16.40816405651835 48.22929181177383, 16.40813027464714 48.22924565091115)","22., Donauinsel (Reichsbrücke)",,2,
TAXIOGD.204,204,"LINESTRING (16.38683382474872 48.261930179036725, 16.387155920577474 48.262010406485395)","21., Bellgasse 36-38",,5,
TAXIOGD.205,205,"LINESTRING (16.387419452451287 48.278490402410796, 16.387491347525852 48.27833850322585)","21., Prager Straße 169-171",,3,
TAXIOGD.206,206,"LINESTRING (16.383992453447703 48.28842564108596, 16.383660280622113 48.28802325571569)","21., Rußbergstraße 9",,10,
TAXIOGD.207,207,"LINESTRING (16.416542210221557 48.28927418193506, 16.41674994968597 48.289217808424645)","21., Anton-Schall-Gasse 1",,2,
TAXIOGD.208,208,"LINESTRING (16.422516103829597 48.235504020758206, 16.42234451195553 48.23540928895374)","22., Wagramer Straße 23",,3,
TAXIOGD.209,209,"LINESTRING (16.41897376182407 48.233599700643396, 16.41919127931916 48.23372166475641)","22., Wagramer Straße 5",,4,
TAXIOGD.210,210,"LINESTRING (16.424118107501386 48.225123112345386, 16.424377181192575 48.225277644153344)","22., Mendelssohngasse 12-14",,5,
TAXIOGD.211,211,"LINESTRING (16.378787400786692 48.202195476158565, 16.378937966163388 48.20212695046435)","3., Johannesgasse 28",,3,
TAXIOGD.212,212,"LINESTRING (16.378212848527827 48.20246795701657, 16.378064516373822 48.20232301642375)","3., Lothringerstraße ggü. 13",,4,
TAXIOGD.213,213,"LINESTRING (16.378065051013422 48.20232288133059, 16.37787424430968 48.202136784070014)","3., Lothringerstraße ggü. 11",Zustelldienst v. 7-19h sowie ausg.Taxi für den verbleibenden Zeitraum,5,
TAXIOGD.214,214,"LINESTRING (16.369959725848748 48.20271418580011, 16.370288065654265 48.20336639344348)","1., Kärntner Straße 51-55",,15,
TAXIOGD.215,215,"LINESTRING (16.370130444086822 48.20374167752174, 16.36991997614015 48.20378864366828)","1., Philharmonikerstraße 2-4",,3,
TAXIOGD.216,216,"LINESTRING (16.372719916559966 48.20184720254334, 16.372265899716016 48.201950149824185)","1., Kärntner Ring 11-13",,6,
TAXIOGD.217,217,"LINESTRING (16.370890103778265 48.20182871503427, 16.370609787089325 48.20189215888889)","1., Kärntner Ring 6-8",,5,
TAXIOGD.218,218,"LINESTRING (16.370541828197734 48.20234686919445, 16.37059037280632 48.20233192368308, 16.370635035000902 48.202317627952695, 16.370680668330674 48.2023046303037, 16.37073795514345 48.20229162912118)","1., Kärntner Ring 3-5",,5,
TAXIOGD.219,219,"LINESTRING (16.370568042677537 48.21711788887792, 16.370756729814502 48.21693950888976)","1., Franz-Josefs-Kai 59-61",,4,
TAXIOGD.220,220,"LINESTRING (16.37376370655326 48.21026745747128, 16.373984960388828 48.21016667799634)","1., Lichtensteg 1",,3,
TAXIOGD.221,221,"LINESTRING (16.36259599690719 48.21363995532472, 16.363028899058133 48.213231252181735)","1., Schottengasse ggü. 9-11",,11,
TAXIOGD.222,222,"LINESTRING (16.362645985516593 48.21366332376227, 16.363047250942767 48.21328246172399)","1., Schottengasse ggü. 6-8",,10,
TAXIOGD.223,223,"LINESTRING (16.377973429637017 48.21051122089288, 16.3780679699298 48.21063529105086, 16.378159308308636 48.210757223050166, 16.37820418586542 48.21082888781539, 16.378239446806155 48.21088450777426)","1., Laurenzerberg 1-3",,8,
TAXIOGD.224,224,"LINESTRING (16.325687341888667 48.212984038997675, 16.326448198329786 48.21279640412411)","16., Johann-Nepomuk-Berger-Platz ggü. 12",,10,
TAXIOGD.225,225,"LINESTRING (16.32586470101679 48.190930611156276, 16.326393681244443 48.19105947996848)","15., Mariahilfer Straße ggü. 196-198",,7,
TAXIOGD.226,226,"LINESTRING (16.337277501374544 48.19118625954036, 16.337296645138967 48.19123461241876, 16.33751572699986 48.19162427859679)","15., Mariahilfer Gürtel ggü. 9-13",,8,
TAXIOGD.227,227,"LINESTRING (16.32533632442482 48.16148067414753, 16.325885606244196 48.1613770768346)","12., Am Schöpfwerk 64",,7,
TAXIOGD.228,228,"LINESTRING (16.3393352294276 48.191688035443875, 16.339256858981063 48.191466223671725)","6., Wallgasse 16",,4,
TAXIOGD.229,229,"LINESTRING (16.39476961751484 48.19851043900799, 16.394652393105346 48.19867255052799)","3., Landstraßer Hauptstraße 99-101",v. 7-20h,4,
TAXIOGD.230,230,"LINESTRING (16.39464987906639 48.198682679268174, 16.39444442637121 48.19897228252785)","3., Landstraßer Hauptstraße 97-99",,7,
TAXIOGD.231,231,"LINESTRING (16.365565689669157 48.215051091163325, 16.365788486452338 48.21483268978765)","1., Wipplingerstraße 35-37",,8,
TAXIOGD.232,232,"LINESTRING (16.36464899659921 48.19954768113902, 16.365012047743154 48.199745802425255)","6., Linke Wienzeile 4",,7,
TAXIOGD.233,233,"LINESTRING (16.37842100635373 48.207708106515184, 16.378714283557432 48.207620975572006)","1., Wollzeile 36",,4,
TAXIOGD.234,234,"LINESTRING (16.380477817698246 48.20753012741111, 16.380821948941957 48.207869538096524)","1., Stubenring 20-24",,8,
TAXIOGD.235,235,"LINESTRING (16.38620446828038 48.19382260473903, 16.386169394010054 48.19365178295957)","3., Fasangasse 6",Mo.-Fr.(w.)v.8-18h,3,
TAXIOGD.236,236,"LINESTRING (16.365427188388416 48.21510932141372, 16.364981558525578 48.214906583425744)","1., Schottenring 14",,8,
TAXIOGD.237,237,"LINESTRING (16.364796605726 48.214819432073085, 16.36463482221052 48.21474553059157)","1., Schottenring 12",v. 8-20h,2,
TAXIOGD.238,238,"LINESTRING (16.401335162782647 48.21800956114953, 16.40157502538226 48.218010365610176)","2., Ausstellungsstraße 25",,3,
TAXIOGD.239,239,"LINESTRING (16.343632308973614 48.17312196203707, 16.343947844274513 48.173287370178066)","12., Kundratstraße 37-39",,5,
TAXIOGD.240,240,"LINESTRING (16.390644138793256 48.211798910508705, 16.390540806601773 48.21156546755952)","3., Radetzkystraße 23",,5,
TAXIOGD.241,241,"LINESTRING (16.274993807867276 48.19200117625059, 16.274972087945613 48.191903260204384)","13., Franz-Boos-Gasse 5",Ladezone Mo.-Fr.(w.)v.7-14h sowie ausg. Taxi für den verbleibenden Zeitraum,2,
TAXIOGD.242,242,"LINESTRING (16.216617263593726 48.207894321001696, 16.216448363341303 48.207924693001296)","14., Albert-Schweitzer-Gasse 6",Mo.-Fr. (w.) v. 7-18h,2,
TAXIOGD.243,243,"LINESTRING (16.216444079436307 48.207925583366034, 16.216314155634866 48.20794894730598)","14., Albert-Schweitzer-Gasse 6",,2,
TAXIOGD.244,244,"LINESTRING (16.338377597230426 48.196914551888625, 16.338450456268884 48.196722543431534)","15., Europaplatz",,4,
TAXIOGD.245,245,"LINESTRING (16.375688244818868 48.202211433045875, 16.375818935021844 48.20233908104446)","1., Schubertring 7",,,
TAXIOGD.246,246,"LINESTRING (16.338644308400706 48.20224412676673, 16.338625115878266 48.202437459343635)","7., Wimbergergasse 1",v. 7-22h,4,
TAXIOGD.247,247,"LINESTRING (16.384881918492592 48.2259824741326, 16.38461648475118 48.22584578276779)","2., Taborstraße 90-92",,4,
TAXIOGD.248,248,"LINESTRING (16.378857201747397 48.24407075872016, 16.37888086858763 48.244059727713136, 16.378901665151616 48.24404773887946, 16.378923175767646 48.244034313124686, 16.37905865986589 48.24389768624774)","20., Friedrich-Engels-Platz 22 23",,,
TAXIOGD.249,249,"LINESTRING (16.377585388008107 48.18433867801422, 16.37756016590852 48.184346831603904, 16.377527982246107 48.184354406513435, 16.376579832135192 48.18449320758881)","10., Gerhard-Bronner-Straße 3",,,
TAXIOGD.250,250,"LINESTRING (16.377490833452487 48.184304332201194, 16.376592941577275 48.184434588567086)","10., Gerhard-Bronner-Straße ggü. 3",,,
TAXIOGD.251,251,"LINESTRING (16.434101655201054 48.24248759592301, 16.433739197134823 48.242785909586615)","22., Siebeckstraße ggü. 16",,,
TAXIOGD.252,252,"LINESTRING (16.368113631913378 48.203123930130516, 16.368181198496067 48.20325895855398)","1., Operngasse 6 8",von 9-18h sowie v. 18-9h,,
TAXIOGD.253,253,"LINESTRING (16.363190909173284 48.20400396547814, 16.362939426822198 48.2041928915398)","1., Burgring 5",,,
TAXIOGD.254,254,"LINESTRING (16.433283895479946 48.24262780630548, 16.4333560753682 48.24257328063758, 16.43341020850541 48.24253172367723, 16.43345296964126 48.2424979227773)","22., Siebeckstraße 16",,,
TAXIOGD.255,255,"LINESTRING (16.310687988544956 48.21376867148119, 16.31054474615843 48.214009182313156, 16.31051104340827 48.214068255448936)","16., Weinheimergasse ggü. 5",,7,
TAXIOGD.256,256,"LINESTRING (16.312685901563267 48.19941242543465, 16.31299322472929 48.19968849750453)","14., Poschgasse 1 3",,6,
TAXIOGD.257,257,"LINESTRING (16.312990295965037 48.199687517783445, 16.313334206941974 48.199998830456686)","14., Poschgasse 3 7",Mo.-Fr. (w.) v. 7-19h,8,
TAXIOGD.258,258,"LINESTRING (16.29377871468435 48.1988990575975, 16.293809040235864 48.198934018536995, 16.293852849973046 48.19897687482041, 16.293895389143923 48.1990108363541)","14., Heinrich-Collin-Straße 30",,3,
TAXIOGD.259,259,"LINESTRING (16.294155667107475 48.19853330868004, 16.294408716603765 48.198522680734165)","14., Heinrich-Collin-Straße 9",v. 7-20h,3,
TAXIOGD.260,260,"LINESTRING (16.44381350751035 48.250181379803465, 16.444022624102562 48.25043446565141)","22., Wagramer Straße 154",,,
TAXIOGD.261,261,"LINESTRING (16.471007837300593 48.169630193243165, 16.471099869969425 48.16977990803643)","11., Landwehrstraße ggü. 5",Mo.-Sa.(w.)v.9-20h,4,
TAXIOGD.262,262,"LINESTRING (16.430266627698625 48.2063178017332, 16.430401123678326 48.206221239568755)","2., Wehlistraße (Bereich Simon-Wiesenthal-Gasse)",,3,
TAXIOGD.263,263,"LINESTRING (16.367201900298035 48.24609082174556, 16.367411732384923 48.246009833392414)","19., Adolf-Raupenstrauch-Gasse",v. 7-19h,3,
TAXIOGD.264,264,"LINESTRING (16.457031612410127 48.221359262135266, 16.457254150778944 48.22120241752497)","22., Schickgasse ggü. 25",,4,
TAXIOGD.265,265,"LINESTRING (16.404565007884628 48.18566502956954, 16.40475965526704 48.18549465501356)","11., Rinnböckstraße 3",,4,
TAXIOGD.266,266,"LINESTRING (16.390685318391508 48.21189499197926, 16.390645239670363 48.21179976208898)","3., Radetzkystraße 25",v. 8-19h,2,
TAXIOGD.267,267,"LINESTRING (16.256281952935286 48.2021018286519, 16.256685223789628 48.20196552259005)","14., Linzer Straße 419",,6,
TAXIOGD.268,268,"LINESTRING (16.256281952935286 48.2021018286519, 16.256685223789628 48.20196552259005)","14., Linzer Straße 419",,6,
TAXIOGD.269,269,"LINESTRING (16.369512276121046 48.20256429144926, 16.369285028027658 48.20261611539788)","1., Opernring Kärntner Straße",von 7-21.30h (Omnibusse) und 21.30-24h (Taxi),,
TAXIOGD.270,270,"LINESTRING (16.402734298900302 48.14195497648919, 16.40275338300392 48.14194729864365, 16.402783902298555 48.14192427723902, 16.402797894323545 48.14191575022882, 16.403166941530323 48.141838859738534)","10., Kurbadstraße ggü.12",,,
